panel,lambda_objective,alternative_id,spotis_D0,spotis_D_lower,spotis_D_upper
A,0.0,A1,0.34656225642616056,0.33808258657373147,0.35287660515118346
A,0.0,A2,0.38929625555143715,0.3847158471409731,0.39271875491885555
A,0.0,A3,0.5266426911484786,0.5080110544765157,0.5402848268234363
A,0.0,A4,0.40896221267543703,0.402901481799244,0.4144146494594778
A,0.0,A5,0.355106333890421,0.3507771004357442,0.35886623201811724
A,0.01,A1,0.34721928185711604,0.33870086690767504,0.3535631313548411
A,0.01,A2,0.3902472563638222,0.3856460520582462,0.3936933955896228
A,0.01,A3,0.5261799130480687,0.5075608330904302,0.5398228225538824
A,0.01,A4,0.4086194634857058,0.4025391050304894,0.41408737291164305
A,0.01,A5,0.3548014952866752,0.3504700847098174,0.3585619039553
A,0.02,A1,0.34787630728807156,0.3393191472416186,0.35424965755849874
A,0.02,A2,0.3911982571762072,0.3865762569755194,0.3946680362603902
A,0.02,A3,0.5257171349476587,0.5071106117043446,0.5393608182843285
A,0.02,A4,0.4082767142959746,0.40217672826173495,0.4137600963638083
A,0.02,A5,0.3544966566829294,0.35016306898389077,0.35825757589248286
A,0.03,A1,0.34853333271902703,0.3399374275755623,0.35493618376215635
A,0.03,A2,0.3921492579885923,0.38750646189279253,0.3956426769311575
A,0.03,A3,0.5252543568472489,0.5066603903182589,0.5388988140147746
A,0.03,A4,0.4079339651062434,0.4018143514929804,0.41343281981597346
A,0.03,A5,0.3541918180791836,0.349856053257964,0.35795324782966564
A,0.04,A1,0.3491903581499826,0.34055570790950584,0.355622709965814
A,0.04,A2,0.3931002588009774,0.3884366668100656,0.39661731760192487
A,0.04,A3,0.524791578746839,0.5062101689321734,0.5384368097452207
A,0.04,A4,0.40759121591651226,0.40145197472422584,0.41310554326813875
A,0.04,A5,0.3538869794754379,0.34954903753203725,0.3576489197668484
A,0.05,A1,0.34984738358093814,0.34117398824344947,0.3563092361694716
A,0.05,A2,0.3940512596133624,0.3893668717273388,0.3975919582726922
A,0.05,A3,0.5243288006464291,0.5057599475460878,0.5379748054756669
A,0.05,A4,0.40724846672678094,0.4010895979554713,0.41277826672030404
A,0.05,A5,0.3535821408716921,0.3492420218061104,0.35734459170403116
A,0.06,A1,0.3505044090118937,0.3417922685773931,0.3569957623731293
A,0.06,A2,0.3950022604257475,0.390297076644612,0.3985665989434595
A,0.06,A3,0.5238660225460191,0.5053097261600022,0.537512801206113
A,0.06,A4,0.4069057175370498,0.40072722118671666,0.41245099017246933
A,0.06,A5,0.3532773022679463,0.3489350060801837,0.357040263641214
A,0.07,A1,0.35116143444284925,0.34241054891133665,0.3576822885767868
A,0.07,A2,0.39595326123813246,0.3912272815618851,0.3995412396142269
A,0.07,A3,0.5234032444456093,0.5048595047739166,0.5370507969365591
A,0.07,A4,0.4065629683473186,0.4003648444179621,0.41212371362463446
A,0.07,A5,0.3529724636642005,0.3486279903542569,0.3567359355783967
A,0.08,A1,0.35181845987380483,0.34302882924528033,0.3583688147804446
A,0.08,A2,0.39690426205051765,0.39215748647915827,0.4005158802849943
A,0.08,A3,0.5229404663451994,0.5044092833878312,0.5365887926670054
A,0.08,A4,0.40622021915758744,0.40000246764920766,0.4117964370767998
A,0.08,A5,0.3526676250604547,0.3483209746283303,0.35643160751557956
A,0.09,A1,0.35247548530476036,0.343647109579224,0.35905534098410224
A,0.09,A2,0.39785526286290274,0.39308769139643146,0.40149052095576165
A,0.09,A3,0.5224776882447896,0.5039590620017456,0.5361267883974513
A,0.09,A4,0.4058774699678562,0.39964009088045305,0.4114691605289651
A,0.09,A5,0.35236278645670893,0.3480139589024035,0.35612727945276235
A,0.1,A1,0.3531325107357159,0.3442653899131675,0.3597418671877598
A,0.1,A2,0.39880626367528776,0.3940178963137045,0.4024651616265289
A,0.1,A3,0.5220149101443796,0.5035088406156599,0.5356647841278975
A,0.1,A4,0.40553472077812497,0.3992777141116985,0.41114188398113033
A,0.1,A5,0.35205794785296307,0.3477069431764767,0.3558229513899451
A,0.11,A1,0.3537895361666714,0.3448836702471112,0.36042839339141747
A,0.11,A2,0.3997572644876728,0.3949481012309776,0.4034398022972962
A,0.11,A3,0.5215521320439698,0.5030586192295743,0.5352027798583435
A,0.11,A4,0.4051919715883938,0.398915337342944,0.4108146074332956
A,0.11,A5,0.3517531092492174,0.34739992745054993,0.3555186233271279
A,0.12,A1,0.354446561597627,0.3455019505810547,0.3611149195950751
A,0.12,A2,0.40070826530005776,0.39587830614825076,0.4044144429680635
A,0.12,A3,0.5210893539435598,0.5026083978434888,0.5347407755887896
A,0.12,A4,0.40484922239866256,0.3985529605741894,0.4104873308854608
A,0.12,A5,0.35144827064547157,0.3470929117246232,0.35521429526431064
A,0.13,A1,0.3551035870285825,0.34612023091499833,0.36180144579873263
A,0.13,A2,0.40165926611244285,0.3968085110655239,0.40538908363883075
A,0.13,A3,0.5206265758431499,0.5021581764574032,0.5342787713192358
A,0.13,A4,0.40450647320893135,0.3981905838054348,0.4101600543376261
A,0.13,A5,0.35114343204172577,0.34678589599869647,0.35490996720149337
A,0.14,A1,0.3557606124595381,0.346738511248942,0.3624879720023903
A,0.14,A2,0.40261026692482793,0.3977387159827971,0.40636372430959816
A,0.14,A3,0.5201637977427401,0.5017079550713175,0.533816767049682
A,0.14,A4,0.4041637240192002,0.39782820703668026,0.4098327777897913
A,0.14,A5,0.35083859343798,0.34647888027276974,0.35460563913867615
A,0.15,A1,0.35641763789049363,0.3473567915828856,0.3631744982060479
A,0.15,A2,0.40356126773721307,0.3986689209000702,0.4073383649803656
A,0.15,A3,0.5197010196423302,0.501257733685232,0.533354762780128
A,0.15,A4,0.40382097482946905,0.39746583026792576,0.4095055012419566
A,0.15,A5,0.35053375483423427,0.346171864546843,0.35430131107585894
A,0.16,A1,0.35707466332144916,0.3479750719168292,0.3638610244097056
A,0.16,A2,0.40451226854959804,0.3995991258173433,0.4083130056511329
A,0.16,A3,0.5192382415419202,0.5008075122991463,0.5328927585105743
A,0.16,A4,0.4034782256397378,0.39710345349917114,0.4091782246941218
A,0.16,A5,0.3502289162304884,0.3458648488209162,0.3539969830130417
A,0.17,A1,0.35773168875240463,0.34859335225077287,0.3645475506133632
A,0.17,A2,0.40546326936198307,0.4005293307346165,0.4092876463219002
A,0.17,A3,0.5187754634415103,0.5003572909130609,0.5324307542410205
A,0.17,A4,0.4031354764500067,0.3967410767304166,0.4088509481462871
A,0.17,A5,0.34992407762674255,0.34555783309498944,0.35369265495022445
A,0.18,A1,0.3583887141833602,0.3492116325847164,0.3652340768170209
A,0.18,A2,0.40641427017436826,0.40145953565188974,0.4102622869926676
A,0.18,A3,0.5183126853411004,0.49990706952697533,0.5319687499714665
A,0.18,A4,0.40279272726027543,0.39637869996166214,0.4085236715984523
A,0.18,A5,0.34961923902299696,0.34525081736906277,0.3533883268874073
A,0.19,A1,0.35904573961431574,0.34982991291866006,0.3659206030206785
A,0.19,A2,0.40736527098675324,0.40238974056916277,0.4112369276634349
A,0.19,A3,0.5178499072406906,0.49945684814088975,0.5315067457019126
A,0.19,A4,0.40244997807054417,0.3960163231929076,0.40819639505061756
A,0.19,A5,0.3493144004192511,0.344943801643136,0.35308399882459013
A,0.2,A1,0.35970276504527127,0.3504481932526037,0.36660712922433614
A,0.2,A2,0.40831627179913843,0.40331994548643607,0.41221156833420225
A,0.2,A3,0.5173871291402807,0.4990066267548042,0.5310447414323588
A,0.2,A4,0.40210722888081296,0.39565394642415297,0.40786911850278285
A,0.2,A5,0.3490095618155053,0.34463678591720925,0.35277967076177286
A,0.21,A1,0.36035979047622685,0.3510664735865473,0.36729365542799375
A,0.21,A2,0.4092672726115234,0.40425015040370915,0.41318620900496966
A,0.21,A3,0.5169243510398707,0.4985564053687185,0.5305827371628048
A,0.21,A4,0.4017644796910817,0.3952915696553984,0.4075418419549481
A,0.21,A5,0.34870472321175944,0.3443297701912825,0.35247534269895564
A,0.22,A1,0.3610168159071824,0.35168475392049087,0.3679801816316513
A,0.22,A2,0.41021827342390843,0.40518035532098234,0.41416084967573696
A,0.22,A3,0.5164615729394609,0.498106183982633,0.530120732893251
A,0.22,A4,0.40142173050135055,0.39492919288664385,0.4072145654071133
A,0.22,A5,0.3483998846080137,0.34402275446535574,0.3521710146361384
A,0.23,A1,0.36167384133813796,0.35230303425443454,0.3686667078353091
A,0.23,A2,0.41116927423629357,0.4061105602382554,0.4151354903465043
A,0.23,A3,0.515998794839051,0.4976559625965473,0.5296587286236971
A,0.23,A4,0.40107898131161934,0.3945668161178893,0.40688728885927855
A,0.23,A5,0.34809504600426794,0.343715738739429,0.35186668657332126
A,0.24,A1,0.36233086676909343,0.3529213145883781,0.3693532340389666
A,0.24,A2,0.41212027504867865,0.4070407651555286,0.41611013101727173
A,0.24,A3,0.5155360167386411,0.4972057412104618,0.5291967243541432
A,0.24,A4,0.40073623212188814,0.3942044393491347,0.40656001231144373
A,0.24,A5,0.3477902074005222,0.3434087230135022,0.351562358510504
A,0.25,A1,0.36298789220004896,0.3535395949223218,0.3700397602426243
A,0.25,A2,0.4130712758610637,0.40797097007280175,0.41708477168803904
A,0.25,A3,0.5150732386382313,0.49675551982437627,0.5287347200845893
A,0.25,A4,0.40039348293215693,0.3938420625803802,0.4062327357636091
A,0.25,A5,0.3474853687967764,0.34310170728757555,0.3512580304476868
A,0.26,A1,0.3636449176310045,0.3541578752562653,0.3707262864462819
A,0.26,A2,0.41402227667344876,0.408901174990075,0.4180594123588064
A,0.26,A3,0.5146104605378213,0.49630529843829063,0.5282727158150354
A,0.26,A4,0.4000507337424257,0.3934796858116256,0.4059054592157743
A,0.26,A5,0.3471805301930306,0.3427946915616487,0.3509537023848695
A,0.27,A1,0.36430194306196,0.3547761555902089,0.3714128126499395
A,0.27,A2,0.41497327748583385,0.409831379907348,0.4190340530295737
A,0.27,A3,0.5141476824374114,0.4958550770522051,0.5278107115454816
A,0.27,A4,0.3997079845526945,0.3931173090428711,0.40557818266793955
A,0.27,A5,0.3468756915892848,0.34248767583572204,0.35064937432205223
A,0.28,A1,0.3649589684929156,0.35539443592415265,0.3720993388535973
A,0.28,A2,0.41592427829821893,0.4107615848246213,0.4200086937003411
A,0.28,A3,0.5136849043370015,0.49540485566611947,0.5273487072759278
A,0.28,A4,0.3993652353629633,0.3927549322741165,0.40525090612010484
A,0.28,A5,0.34657085298553897,0.34218066010979525,0.35034504625923507
A,0.29,A1,0.3656159939238712,0.35601271625809616,0.37278586505725486
A,0.29,A2,0.41687527911060396,0.41169178974189435,0.4209833343711084
A,0.29,A3,0.5132221262365916,0.4949546342800338,0.5268867030063737
A,0.29,A4,0.39902248617323205,0.39239255550536195,0.40492362957227007
A,0.29,A5,0.3462660143817931,0.34187364438386847,0.35004071819641785
A,0.3,A1,0.3662730193548266,0.3566309965920397,0.3734723912609123
A,0.3,A2,0.417826279922989,0.41262199465916743,0.42195797504187577
A,0.3,A3,0.5127593481361817,0.4945044128939483,0.52642469873682
A,0.3,A4,0.39867973698350084,0.3920301787366074,0.4045963530244353
A,0.3,A5,0.34596117577804736,0.3415666286579417,0.3497363901336006
A,0.31,A1,0.3669300447857821,0.35724927692598335,0.37415891746457
A,0.31,A2,0.41877728073537407,0.4135521995764406,0.422932615712643
A,0.31,A3,0.5122965700357718,0.49405419150786267,0.5259626944672662
A,0.31,A4,0.3983369877937697,0.39166780196785284,0.4042690764766006
A,0.31,A5,0.34565633717430155,0.341259612932015,0.34943206207078337
A,0.32,A1,0.36758707021673764,0.3578675572599269,0.37484544366822764
A,0.32,A2,0.4197282815477592,0.41448240449371376,0.4239072563834104
A,0.32,A3,0.5118337919353619,0.4936039701217771,0.5255006901977122
A,0.32,A4,0.3979942386040385,0.3913054251990983,0.40394179992876583
A,0.32,A5,0.34535149857055586,0.3409525972060883,0.34912773400796615
A,0.33,A1,0.3682440956476932,0.35848583759387054,0.3755319698718853
A,0.33,A2,0.42067928236014424,0.41541260941098695,0.4248818970541777
A,0.33,A3,0.5113710138349521,0.49315374873569157,0.5250386859281583
A,0.33,A4,0.3976514894143074,0.3909430484303437,0.4036145233809312
A,0.33,A5,0.3450466599668101,0.34064558148016144,0.34882340594514893
A,0.34,A1,0.36890112107864875,0.3591041179278142,0.3762184960755429
A,0.34,A2,0.42163028317252926,0.41634281432826015,0.4258565377249451
A,0.34,A3,0.5109082357345422,0.492703527349606,0.5245766816586045
A,0.34,A4,0.39730874022457613,0.39058067166158916,0.40328724683309636
A,0.34,A5,0.34474182136306425,0.34033856575423466,0.34851907788233166
A,0.35000000000000003,A1,0.3695581465096043,0.3597223982617577,0.37690502227920053
A,0.35000000000000003,A2,0.42258128398491435,0.4172730192455332,0.42683117839571244
A,0.35000000000000003,A3,0.5104454576341322,0.49225330596352035,0.5241146773890506
A,0.35000000000000003,A4,0.39696599103484487,0.3902182948928347,0.4029599702852616
A,0.35000000000000003,A5,0.34443698275931844,0.340031550028308,0.3482147498195145
A,0.36,A1,0.3702151719405599,0.3603406785957014,0.3775915484828582
A,0.36,A2,0.4235322847972994,0.41820322416280636,0.4278058190664798
A,0.36,A3,0.5099826795337224,0.4918030845774348,0.5236526731194967
A,0.36,A4,0.39662324184511377,0.38985591812408016,0.40263269373742694
A,0.36,A5,0.3441321441555727,0.3397245343023812,0.3479104217566973
A,0.37,A1,0.37087219737151533,0.36095895892964497,0.37827807468651575
A,0.37,A2,0.4244832856096845,0.4191334290800796,0.42878045973724715
A,0.37,A3,0.5095199014333125,0.4913528631913492,0.5231906688499429
A,0.37,A4,0.3962804926553825,0.38949354135532555,0.4023054171895921
A,0.37,A5,0.3438273055518269,0.3394175185764545,0.34760609369388007
A,0.38,A1,0.371529222802471,0.36157723926358865,0.3789646008901735
A,0.38,A2,0.4254342864220696,0.4200636339973527,0.4297551004080145
A,0.38,A3,0.5090571233329027,0.4909026418052637,0.522728664580389
A,0.38,A4,0.39593774346565125,0.389131164586571,0.4019781406417574
A,0.38,A5,0.3435224669480811,0.3391105028505277,0.3473017656310628
A,0.39,A1,0.3721862482334265,0.36219551959753227,0.3796511270938311
A,0.39,A2,0.4263852872344546,0.4209938389146259,0.43072974107878187
A,0.39,A3,0.5085943452324928,0.490452420419178,0.5222666603108351
A,0.39,A4,0.3955949942759201,0.3887687878178164,0.4016508640939226
A,0.39,A5,0.3432176283443353,0.33880348712460107,0.34699743756824564
A,0.4,A1,0.372843273664382,0.3628137999314759,0.38033765329748875
A,0.4,A2,0.4273362880468397,0.421924043831899,0.4317043817495491
A,0.4,A3,0.5081315671320827,0.49000219903309244,0.5218046560412812
A,0.4,A4,0.3952522450861889,0.3884064110490619,0.4013235875460879
A,0.4,A5,0.34291278974058953,0.3384964713986743,0.3466931095054284
A,0.41000000000000003,A1,0.37350029909533755,0.3634320802654194,0.3810241795011464
A,0.41000000000000003,A2,0.42828728885922474,0.42285424874917216,0.4326790224203165
A,0.41000000000000003,A3,0.5076687890316729,0.4895519776470069,0.5213426517717274
A,0.41000000000000003,A4,0.39490949589645774,0.3880440342803073,0.4009963109982531
A,0.41000000000000003,A5,0.3426079511368438,0.33818945567274744,0.3463887814426112
A,0.42,A1,0.37415732452629313,0.36405036059936313,0.381710705704804
A,0.42,A2,0.4292382896716099,0.4237844536664453,0.4336536630910839
A,0.42,A3,0.507206010931263,0.48910175626092134,0.5208806475021734
A,0.42,A4,0.3945667467067266,0.3876816575115528,0.4006690344504184
A,0.42,A5,0.34230311253309803,0.33788243994682077,0.346084453379794
A,0.43,A1,0.3748143499572487,0.36466864093330675,0.38239723190846164
A,0.43,A2,0.43018929048399496,0.4247146585837185,0.43462830376185124
A,0.43,A3,0.5067432328308531,0.48865153487483576,0.5204186432326197
A,0.43,A4,0.39422399751699533,0.38731928074279826,0.40034175790258364
A,0.43,A5,0.3419982739293522,0.337575424220894,0.34578012531697677
A,0.44,A1,0.37547137538820424,0.3652869212672503,0.38308375811211925
A,0.44,A2,0.43114029129638,0.4256448635009916,0.4356029444326186
A,0.44,A3,0.5062804547304434,0.4882013134887501,0.5199566389630659
A,0.44,A4,0.3938812483272641,0.3869569039740437,0.40001448135474893
A,0.44,A5,0.34169343532560637,0.33726840849496725,0.34547579725415956
A,0.45,A1,0.37612840081915977,0.365905201601194,0.3837702843157769
A,0.45,A2,0.432091292108765,0.42657506841826476,0.4365775851033859
A,0.45,A3,0.5058176766300334,0.4877510921026646,0.5194946346935119
A,0.45,A4,0.3935384991375329,0.38659452720528914,0.39968720480691416
A,0.45,A5,0.34138859672186056,0.3369613927690406,0.34517146919134234
A,0.46,A1,0.37678542625011535,0.3665234819351377,0.38445681051943453
A,0.46,A2,0.4330422929211501,0.42750527333553795,0.43755222577415326
A,0.46,A3,0.5053548985296235,0.48730087071657907,0.5190326304239581
A,0.46,A4,0.39319574994780176,0.3862321504365347,0.39935992825907946
A,0.46,A5,0.34108375811811487,0.3366543770431138,0.34486714112852507
A,0.47000000000000003,A1,0.37744245168107077,0.3671417622690812,0.38514333672309214
A,0.47000000000000003,A2,0.4339932937335351,0.428435478252811,0.4385268664449205
A,0.47000000000000003,A3,0.5048921204292136,0.4868506493304934,0.5185706261544043
A,0.47000000000000003,A4,0.3928530007580705,0.38586977366778014,0.3990326517112447
A,0.47000000000000003,A5,0.34077891951436906,0.33634736131718707,0.3445628130657079
A,0.48,A1,0.37809947711202635,0.36776004260302486,0.3858298629267498
A,0.48,A2,0.43494429454592015,0.42936568317008417,0.43950150711568786
A,0.48,A3,0.5044293423288037,0.48640042794440785,0.5181086218848503
A,0.48,A4,0.39251025156833924,0.3855073968990255,0.3987053751634099
A,0.48,A5,0.34047408091062326,0.3360403455912603,0.34425848500289064
A,0.49,A1,0.3787565025429819,0.36837832293696837,0.3865163891304075
A,0.49,A2,0.43589529535830523,0.4302958880873573,0.44047614778645516
A,0.49,A3,0.5039665642283938,0.4859502065583223,0.5176466176152963
A,0.49,A4,0.39216750237860815,0.38514502013027097,0.3983780986155752
A,0.49,A5,0.34016924230687745,0.3357333298653335,0.34395415694007336
A,0.5,A1,0.37941352797393746,0.36899660327091205,0.3872029153340651
A,0.5,A2,0.4368462961706903,0.43122609300463044,0.4414507884572225
A,0.5,A3,0.5035037861279839,0.48549998517223664,0.5171846133457425
A,0.5,A4,0.3918247531888769,0.38478264336151646,0.39805082206774045
A,0.5,A5,0.3398644037031317,0.3354263141394069,0.3436498288772562
A,0.51,A1,0.38007055340489293,0.36961488360485556,0.3878894415377227
A,0.51,A2,0.43779729698307535,0.43215629792190363,0.4424254291279899
A,0.51,A3,0.5030410080275739,0.485049763786151,0.5167226090761887
A,0.51,A4,0.3914820039991456,0.3844202665927618,0.39772354551990563
A,0.51,A5,0.3395595650993859,0.33511929841348004,0.3433455008144389
A,0.52,A1,0.3807275788358485,0.3702331639387992,0.38857596774138026
A,0.52,A2,0.4387482977954605,0.4330865028391768,0.44340006979875723
A,0.52,A3,0.502578229927164,0.4845995424000655,0.5162606048066348
A,0.52,A4,0.39113925480941447,0.38405788982400724,0.3973962689720708
A,0.52,A5,0.33925472649564004,0.33481228268755336,0.34304117275162177
A,0.53,A1,0.3813846042668041,0.3708514442727429,0.3892624939450379
A,0.53,A2,0.43969929860784546,0.43401670775644985,0.4443747104695246
A,0.53,A3,0.5021154518267542,0.48414932101397984,0.5157986005370808
A,0.53,A4,0.39079650561968327,0.3836955130552527,0.3970689924242361
A,0.53,A5,0.3389498878918943,0.33450526696162647,0.3427368446888045
A,0.54,A1,0.38204162969775957,0.3714697246066865,0.38994902014869565
A,0.54,A2,0.4406502994202306,0.4349469126737231,0.44534935114029195
A,0.54,A3,0.5016526737263443,0.48369909962789437,0.515336596267527
A,0.54,A4,0.390453756429952,0.3833331362864981,0.39674171587640134
A,0.54,A5,0.3386450492881485,0.3341982512356998,0.3424325166259873
A,0.55,A1,0.3826986551287151,0.37208800494063005,0.39063554635235326
A,0.55,A2,0.44160130023261573,0.4358771175909963,0.44632399181105936
A,0.55,A3,0.5011898956259344,0.48324887824180873,0.5148745919979731
A,0.55,A4,0.39011100724022085,0.3829707595177436,0.3964144393285666
A,0.55,A5,0.33834021068440273,0.3338912355097731,0.34212818856317007
A,0.56,A1,0.3833556805596706,0.37270628527457367,0.39132207255601087
A,0.56,A2,0.4425523010450007,0.43680732250826937,0.4472986324818266
A,0.56,A3,0.5007271175255243,0.48279865685572315,0.5144125877284192
A,0.56,A4,0.38976825805048965,0.382608382748989,0.3960871627807319
A,0.56,A5,0.338035372080657,0.3335842197838463,0.3418238605003528
A,0.5700000000000001,A1,0.38401270599062615,0.37332456560851734,0.39200859875966837
A,0.5700000000000001,A2,0.4435033018573858,0.43773752742554256,0.448273273152594
A,0.5700000000000001,A3,0.5002643394251146,0.4823484354696376,0.5139505834588654
A,0.5700000000000001,A4,0.38942550886075844,0.38224600598023445,0.39575988623289715
A,0.5700000000000001,A5,0.3377305334769112,0.33327720405791955,0.3415195324375356
A,0.58,A1,0.38466973142158184,0.3739428459424609,0.39269512496332615
A,0.58,A2,0.4444543026697709,0.4386677323428157,0.4492479138233614
A,0.58,A3,0.49980156132470477,0.481898214083552,0.5134885791893116
A,0.58,A4,0.38908275967102723,0.38188362921147995,0.3954326096850624
A,0.58,A5,0.3374256948731654,0.3329701883319928,0.3412152043747184
A,0.59,A1,0.38532675685253726,0.3745611262764045,0.39338165116698365
A,0.59,A2,0.4454053034821559,0.4395979372600888,0.4502225544941286
A,0.59,A3,0.4993387832242948,0.4814479926974664,0.5130265749197576
A,0.59,A4,0.3887400104812961,0.3815212524427254,0.3951053331372277
A,0.59,A5,0.3371208562694196,0.332663172606066,0.3409108763119012
A,0.6,A1,0.38598378228349284,0.37517940661034804,0.3940681773706413
A,0.6,A2,0.44635630429454104,0.440528142177362,0.45119719516489604
A,0.6,A3,0.4988760051238849,0.4809977713113808,0.5125645706502038
A,0.6,A4,0.3883972612915649,0.38115887567397083,0.3947780565893929
A,0.6,A5,0.3368160176656738,0.3323561568801393,0.34060654824908393
A,0.61,A1,0.3866408077144483,0.3757976869442917,0.394754703574299
A,0.61,A2,0.44730730510692607,0.44145834709463505,0.4521718358356634
A,0.61,A3,0.49841322702347507,0.48054754992529525,0.5121025663806499
A,0.61,A4,0.38805451210183367,0.3807964989052162,0.39445078004155815
A,0.61,A5,0.336511179061928,0.3320491411542125,0.34030222018626677
A,0.62,A1,0.3872978331454039,0.37641596727823534,0.3954412297779566
A,0.62,A2,0.44825830591931104,0.4423885520119083,0.4531464765064307
A,0.62,A3,0.4979504489230651,0.48009732853920967,0.511640562111096
A,0.62,A4,0.38771176291210246,0.38043412213646166,0.39412350349372344
A,0.62,A5,0.3362063404581822,0.3317421254282858,0.3399978921234495
A,0.63,A1,0.3879548585763595,0.3770342476121789,0.3961277559816142
A,0.63,A2,0.4492093067316961,0.4433187569291814,0.45412111717719805
A,0.63,A3,0.49748767082265527,0.47964710715312403,0.5111785578415421
A,0.63,A4,0.38736901372237126,0.38007174536770716,0.3937962269458886
A,0.63,A5,0.33590150185443646,0.33143510970235907,0.3396935640606323
A,0.64,A1,0.38861188400731494,0.37765252794612253,0.3968142821852719
A,0.64,A2,0.4501603075440812,0.4442489618464545,0.4550957578479653
A,0.64,A3,0.49702489272224537,0.47919688576703856,0.5107165535719884
A,0.64,A4,0.38702626453264,0.3797093685989526,0.39346895039805396
A,0.64,A5,0.3355966632506907,0.33112809397643234,0.3393892359978151
A,0.65,A1,0.38926890943827047,0.3782708082800662,0.3975008083889295
A,0.65,A2,0.4511113083564663,0.44517916676372765,0.4560703985187326
A,0.65,A3,0.49656211462183547,0.4787466643809529,0.5102545493024344
A,0.65,A4,0.38668351534290885,0.379346991830198,0.39314167385021914
A,0.65,A5,0.3352918246469449,0.33082107825050555,0.33908490793499774
A,0.66,A1,0.38992593486922605,0.3788890886140097,0.39818733459258715
A,0.66,A2,0.4520623091688513,0.4461093716810008,0.45704503918949996
A,0.66,A3,0.4960993365214255,0.47829644299486745,0.5097925450328805
A,0.66,A4,0.3863407661531777,0.3789846150614435,0.39281439730238443
A,0.66,A5,0.33498698604319904,0.3305140625245788,0.3387805798721806
A,0.67,A1,0.39058296030018164,0.37950736894795345,0.3988738607962449
A,0.67,A2,0.4530133099812364,0.447039576598274,0.45801967986026737
A,0.67,A3,0.4956365584210156,0.4778462216087817,0.5093305407633266
A,0.67,A4,0.3859980169634465,0.37862223829268893,0.39248712075454967
A,0.67,A5,0.3346821474394533,0.33020704679865204,0.33847625180936336
A,0.68,A1,0.3912399857311371,0.38012564928189707,0.39956038699990243
A,0.68,A2,0.45396431079362154,0.4479697815155472,0.4589943205310347
A,0.68,A3,0.49517378032060577,0.47739600022269624,0.5088685364937728
A,0.68,A4,0.38565526777371534,0.3782598615239344,0.3921598442067149
A,0.68,A5,0.33437730883570754,0.3299000310727253,0.3381719237465461
A,0.6900000000000001,A1,0.3918970111620926,0.3807439296158405,0.40024691320356
A,0.6900000000000001,A2,0.45491531160600657,0.4488999864328203,0.459968961201802
A,0.6900000000000001,A3,0.49471100222019593,0.4769457788366106,0.5084065322242188
A,0.6900000000000001,A4,0.3853125185839841,0.37789748475517987,0.39183256765888014
A,0.6900000000000001,A5,0.3340724702319617,0.3295930153467985,0.3378675956837289
A,0.7000000000000001,A1,0.39255403659304816,0.38136220994978426,0.40093343940721765
A,0.7000000000000001,A2,0.45586631241839165,0.4498301913500935,0.46094360187256944
A,0.7000000000000001,A3,0.49424822411978586,0.47649555745052496,0.507944527954665
A,0.7000000000000001,A4,0.38496976939425287,0.3775351079864253,0.39150529111104543
A,0.7000000000000001,A5,0.3337676316282159,0.3292859996208719,0.3375632676209117
A,0.71,A1,0.39321106202400374,0.3819804902837278,0.4016199656108753
A,0.71,A2,0.4568173132307767,0.4507603962673666,0.46191824254333674
A,0.71,A3,0.4937854460193761,0.4760453360644394,0.507482523685111
A,0.71,A4,0.38462702020452166,0.3771727312176707,0.39117801456321066
A,0.71,A5,0.33346279302447007,0.32897898389494507,0.3372589395580945
A,0.72,A1,0.3938680874549592,0.38259877061767145,0.4023064918145329
A,0.72,A2,0.45776831404316176,0.4516906011846398,0.4628928832141041
A,0.72,A3,0.49332266791896623,0.47559511467835386,0.5070205194155573
A,0.72,A4,0.3842842710147905,0.3768103544489162,0.390850738015376
A,0.72,A5,0.3331579544207244,0.32867196816901834,0.3369546114952773
A,0.73,A1,0.3945251128859148,0.383217050951615,0.40299301801819054
A,0.73,A2,0.4587193148555468,0.45262080610191285,0.4638675238848714
A,0.73,A3,0.49285988981855633,0.4751448932922682,0.5065585151460035
A,0.73,A4,0.3839415218250592,0.3764479776801616,0.39052346146754113
A,0.73,A5,0.3328531158169786,0.32836495244309155,0.33665028343246006
A,0.74,A1,0.3951821383168703,0.38383533128555863,0.4036795442218482
A,0.74,A2,0.4596703156679319,0.453551011019186,0.46484216455563876
A,0.74,A3,0.4923971117181465,0.4746946719061827,0.5060965108764495
A,0.74,A4,0.3835987726353281,0.37608560091140714,0.3901961849197064
A,0.74,A5,0.33254827721323277,0.3280579367171648,0.3363459553696428
A,0.75,A1,0.3958391637478259,0.3844536116195023,0.4043660704255058
A,0.75,A2,0.46062131648031684,0.4544812159364591,0.46581680522640606
A,0.75,A3,0.4919343336177365,0.47424445052009706,0.5056345066068956
A,0.75,A4,0.38325602344559684,0.3757232241426525,0.38986890837187166
A,0.75,A5,0.33224343860948696,0.327750920991238,0.3360416273068256
A,0.76,A1,0.3964961891787814,0.3850718919534459,0.4050525966291634
A,0.76,A2,0.461572317292702,0.4554114208537323,0.46679144589717336
A,0.76,A3,0.49147155551732663,0.4737942291340115,0.5051725023373417
A,0.76,A4,0.3829132742558656,0.37536084737389797,0.38954163182403695
A,0.76,A5,0.33193860000574127,0.32744390526531136,0.3357372992440084
A,0.77,A1,0.39715321460973696,0.38569017228738944,0.40573912283282115
A,0.77,A2,0.4625233181050871,0.45634162577100557,0.46776608656794083
A,0.77,A3,0.49100877741691673,0.47334400774792595,0.5047104980677879
A,0.77,A4,0.3825705250661345,0.37499847060514346,0.38921435527620224
A,0.77,A5,0.3316337614019954,0.3271368895393846,0.3354329711811912
A,0.78,A1,0.3978102400406925,0.3863084526213331,0.4064256490364787
A,0.78,A2,0.4634743189174721,0.4572718306882786,0.4687407272387082
A,0.78,A3,0.49054599931650683,0.4728937863618404,0.504248493798234
A,0.78,A4,0.3822277758764032,0.37463609383638885,0.3888870787283675
A,0.78,A5,0.3313289227982496,0.3268298738134578,0.33512864311837404
A,0.79,A1,0.398467265471648,0.3869267329552768,0.4071121752401364
A,0.79,A2,0.4644253197298572,0.4582020356055518,0.4697153679094755
A,0.79,A3,0.49008322121609693,0.4724435649757548,0.5037864895286801
A,0.79,A4,0.381885026686672,0.3742737170676343,0.38855980218053265
A,0.79,A5,0.3310240841945038,0.326522858087531,0.33482431505555676
A,0.8,A1,0.3991242909026035,0.38754501328922025,0.40779870144379404
A,0.8,A2,0.4653763205422422,0.4591322405228249,0.4706900085802428
A,0.8,A3,0.4896204431156871,0.47199334358966916,0.5033244852591262
A,0.8,A4,0.38154227749694075,0.37391134029887974,0.38823252563269794
A,0.8,A5,0.330719245590758,0.3262158423616043,0.3345199869927395
A,0.81,A1,0.3997813163335591,0.38816329362316393,0.40848522764745165
A,0.81,A2,0.4663273213546274,0.4600624454400981,0.47166464925101026
A,0.81,A3,0.4891576650152772,0.47154312220358363,0.5028624809895725
A,0.81,A4,0.38119952830720966,0.37354896353012523,0.3879052490848632
A,0.81,A5,0.33041440698701224,0.32590882663567755,0.33421565892992233
A,0.8200000000000001,A1,0.4004383417645147,0.38878157395710755,0.40917175385110927
A,0.8200000000000001,A2,0.46727832216701237,0.4609926503573712,0.47263928992177745
A,0.8200000000000001,A3,0.48869488691486723,0.47109290081749805,0.5024004767200184
A,0.8200000000000001,A4,0.3808567791174784,0.3731865867613706,0.3875779725370284
A,0.8200000000000001,A5,0.33010956838326655,0.3256018109097508,0.333911330867105
A,0.8300000000000001,A1,0.4010953671954702,0.3893998542910512,0.40985828005476693
A,0.8300000000000001,A2,0.46822932297939746,0.46192285527464444,0.47361393059254486
A,0.8300000000000001,A3,0.48823210881445733,0.47064267943141236,0.5019384724504645
A,0.8300000000000001,A4,0.38051402992774713,0.37282420999261606,0.38725069598919365
A,0.8300000000000001,A5,0.32980472977952074,0.3252947951838241,0.3336070028042878
A,0.84,A1,0.4017523926264257,0.39001813462499485,0.41054480625842454
A,0.84,A2,0.4691803237917825,0.46285306019191746,0.47458857126331216
A,0.84,A3,0.4877693307140475,0.4701924580453267,0.5014764681809107
A,0.84,A4,0.38017128073801604,0.37246183322386156,0.3869234194413589
A,0.84,A5,0.32949989117577494,0.3249877794578973,0.3333026747414706
A,0.85,A1,0.40240941805738123,0.39063641495893825,0.411231332462082
A,0.85,A2,0.47013132460416746,0.4637832651091906,0.47556321193407947
A,0.85,A3,0.4873065526136376,0.4697422366592413,0.501014463911357
A,0.85,A4,0.3798285315482848,0.3720994564551069,0.3865961428935241
A,0.85,A5,0.3291950525720291,0.3246807637319705,0.33299834667865336
A,0.86,A1,0.4030664434883368,0.3912546952928819,0.41191785866573966
A,0.86,A2,0.4710823254165526,0.46471347002646374,0.47653785260484677
A,0.86,A3,0.4868437745132276,0.4692920152731556,0.500552459641803
A,0.86,A4,0.3794857823585535,0.37173707968635233,0.3862688663456894
A,0.86,A5,0.3288902139682833,0.32437374800604385,0.3326940186158361
A,0.87,A1,0.40372346891929234,0.3918729756268257,0.41260438486939743
A,0.87,A2,0.47203332622893773,0.465643674943737,0.4775124932756143
A,0.87,A3,0.4863809964128178,0.46884179388707015,0.5000904553722492
A,0.87,A4,0.3791430331688224,0.37137470291759783,0.3859415897978547
A,0.87,A5,0.3285853753645375,0.32406673228011706,0.3323896905530189
A,0.88,A1,0.4043804943502479,0.39249125596076917,0.41329091107305505
A,0.88,A2,0.4729843270413228,0.4665738798610101,0.47848713394638154
A,0.88,A3,0.4859182183124079,0.46839157250098457,0.4996284511026953
A,0.88,A4,0.3788002839790912,0.37101232614884333,0.38561431325002
A,0.88,A5,0.3282805367607917,0.32375971655419034,0.3320853624902017
A,0.89,A1,0.40503751978120334,0.3931095362947127,0.41397743727671255
A,0.89,A2,0.4739353278537078,0.4675040847782833,0.4794617746171489
A,0.89,A3,0.48545544021199805,0.46794135111489893,0.4991664468331414
A,0.89,A4,0.37845753478935995,0.3706499493800887,0.3852870367021852
A,0.89,A5,0.32797569815704597,0.32345270082826366,0.3317810344273845
A,0.9,A1,0.4056945452121589,0.3937278166286564,0.41466396348037027
A,0.9,A2,0.47488632866609287,0.4684342896955564,0.4804364152879162
A,0.9,A3,0.48499266211158804,0.4674911297288134,0.4987044425635876
A,0.9,A4,0.37811478559962886,0.37028757261133416,0.38495976015435046
A,0.9,A5,0.3276708595533002,0.3231456851023368,0.33147670636456733
A,0.91,A1,0.40635157064311445,0.39434609696260003,0.4153504896840279
A,0.91,A2,0.47583732947847796,0.46936449461282953,0.48141105595868355
A,0.91,A3,0.4845298840111782,0.4670409083427277,0.4982424382940337
A,0.91,A4,0.37777203640989765,0.36992519584257966,0.3846324836065157
A,0.91,A5,0.3273660209495544,0.3228386693764101,0.33117237830175
A,0.92,A1,0.40700859607407003,0.39496437729654366,0.41603701588768555
A,0.92,A2,0.47678833029086304,0.4702946995301027,0.48238569662945097
A,0.92,A3,0.48406710591076835,0.46659068695664224,0.49778043402447975
A,0.92,A4,0.3774292872201664,0.36956281907382516,0.384305207058681
A,0.92,A5,0.32706118234580867,0.32253165365048336,0.33086805023893284
A,0.93,A1,0.40766562150502555,0.3955826576304873,0.41672354209134316
A,0.93,A2,0.4777393311032481,0.4712249044473759,0.4833603373002183
A,0.93,A3,0.4836043278103585,0.46614046557055666,0.4973184297549259
A,0.93,A4,0.3770865380304352,0.36920044230507054,0.38397793051084617
A,0.93,A5,0.3267563437420628,0.3222246379245566,0.3305637221761156
A,0.9400000000000001,A1,0.408322646935981,0.3962009379644308,0.4174100682950008
A,0.9400000000000001,A2,0.4786903319156331,0.47215510936464905,0.48433497797098557
A,0.9400000000000001,A3,0.48314154970994844,0.465690244184471,0.496856425485372
A,0.9400000000000001,A4,0.376743788840704,0.368838065536316,0.3836506539630114
A,0.9400000000000001,A5,0.32645150513831694,0.3219176221986298,0.3302593941132983
A,0.9500000000000001,A1,0.4089796723669366,0.39681921829837447,0.4180965944986583
A,0.9500000000000001,A2,0.4796413327280182,0.47308531428192213,0.4853096186417529
A,0.9500000000000001,A3,0.48267877160953865,0.46524002279838544,0.4963944212158181
A,0.9500000000000001,A4,0.3764010396509728,0.3684756887675615,0.3833233774151767
A,0.9500000000000001,A5,0.3261466665345712,0.3216106064727031,0.32995506605048114
A,0.96,A1,0.4096366977978922,0.3974374986323181,0.4187831207023161
A,0.96,A2,0.4805923335404033,0.4740155191991954,0.4862842593125203
A,0.96,A3,0.48221599350912875,0.4647898014122999,0.49593241694626433
A,0.96,A4,0.37605829046124156,0.3681133119988068,0.38299610086734187
A,0.96,A5,0.32584182793082545,0.32130359074677634,0.3296507379876639
A,0.97,A1,0.41029372322884766,0.39805577896626165,0.41946964690597366
A,0.97,A2,0.4815433343527884,0.4749457241164685,0.4872588999832877
A,0.97,A3,0.48175321540871885,0.4643395800262142,0.4954704126767103
A,0.97,A4,0.3757155412715104,0.3677509352300523,0.38266882431950716
A,0.97,A5,0.3255369893270797,0.3209965750208496,0.3293464099248467
A,0.98,A1,0.4109507486598032,0.39867405930020533,0.42015617310963127
A,0.98,A2,0.4824943351651734,0.4758759290337416,0.4882335406540551
A,0.98,A3,0.481290437308309,0.4638893586401288,0.4950084084071565
A,0.98,A4,0.37537279208177915,0.3673885584612978,0.38234154777167245
A,0.98,A5,0.3252321507233339,0.3206895592949228,0.32904208186202955
A,0.99,A1,0.41160777409075877,0.3992923396341489,0.4208426993132889
A,0.99,A2,0.4834453359775584,0.47680613395101473,0.4892081813248223
A,0.99,A3,0.480827659207899,0.46343913725404307,0.49454640413760265
A,0.99,A4,0.37503004289204794,0.36702618169254325,0.3820142712238377
A,0.99,A5,0.3249273121195881,0.3203825435689961,0.32873775379921216
A,1.0,A1,0.4122647995217143,0.3999106199680925,0.42152922551694655
A,1.0,A2,0.48439633678994354,0.47773633886828787,0.49018282199558966
A,1.0,A3,0.48036488110748915,0.46298891586795754,0.49408439986804875
A,1.0,A4,0.37468729370231674,0.36666380492378864,0.381686994676003
A,1.0,A5,0.32462247351584234,0.3200755278430693,0.32843342573639506
B,0.0,A1,0.39041639041978937,0.3811516884705236,0.39685210974634766
B,0.0,A2,0.4083041046645122,0.4007568098292338,0.41413893904022425
B,0.0,A3,0.5765503787241525,0.5604931959834939,0.5881329537866533
B,0.0,A4,0.4100681691911183,0.39876014651275604,0.41978041268533267
B,0.0,A5,0.3497971375850236,0.3408658132646705,0.35738111929542915
B,0.01,A1,0.3906249904177473,0.3813676222205333,0.3970539659269117
B,0.01,A2,0.40924960831337615,0.4017076001775537,0.41508632198261625
B,0.01,A3,0.5761955064240649,0.5601605688535229,0.5877736160269832
B,0.01,A4,0.40968144838023635,0.39837297607681343,0.4193877902168155
B,0.01,A5,0.34950100025106823,0.340564087390342,0.35708838358159095
B,0.02,A1,0.3908335904157053,0.38158355597054316,0.3972558221074759
B,0.02,A2,0.4101951119622402,0.40265839052587366,0.41603370492500824
B,0.02,A3,0.5758406341239778,0.5598279417235519,0.5874142782673132
B,0.02,A4,0.40929472756935453,0.3979858056408708,0.4189951677482983
B,0.02,A5,0.349204862917113,0.34026236151601347,0.3567956478677529
B,0.03,A1,0.3910421904136632,0.38179948972055294,0.39745767828803996
B,0.03,A2,0.41114061561110415,0.4036091808741936,0.4169810878674002
B,0.03,A3,0.5754857618238904,0.5594953145935808,0.5870549405076432
B,0.03,A4,0.4089080067584726,0.39759863520492833,0.41860254527978097
B,0.03,A5,0.34890872558315766,0.33996063564168494,0.3565029121539147
B,0.04,A1,0.39125079041162114,0.3820154234705627,0.397659534468604
B,0.04,A2,0.4120861192599681,0.4045599712225136,0.4179284708097921
B,0.04,A3,0.575130889523803,0.5591626874636099,0.5866956027479732
B,0.04,A4,0.40852128594759085,0.3972114647689857,0.41820992281126385
B,0.04,A5,0.3486125882492024,0.3396589097673564,0.35621017644007663
B,0.05,A1,0.3914593904095791,0.3822313572205725,0.39786139064916815
B,0.05,A2,0.41303162290883216,0.40551076157083366,0.4188758537521841
B,0.05,A3,0.5747760172237157,0.5588300603336389,0.5863362649883032
B,0.05,A4,0.40813456513670887,0.39682429433304306,0.4178173003427467
B,0.05,A5,0.34831645091524704,0.3393571838930278,0.35591744072623843
B,0.06,A1,0.3916679904075371,0.38244729097058233,0.3980632468297322
B,0.06,A2,0.4139771265576961,0.40646155191915356,0.41982323669457605
B,0.06,A3,0.5744211449236283,0.5584974332036678,0.5859769272286331
B,0.06,A4,0.407747844325827,0.39643712389710045,0.41742467787422943
B,0.06,A5,0.34802031358129176,0.3390554580186992,0.35562470501240023
B,0.07,A1,0.3918765904054951,0.38266322472059217,0.39826510301029644
B,0.07,A2,0.41492263020656006,0.4074123422674736,0.4207706196369681
B,0.07,A3,0.5740662726235409,0.5581648060736968,0.585617589468963
B,0.07,A4,0.4073611235149451,0.3960499534611579,0.4170320554057122
B,0.07,A5,0.3477241762473364,0.33875373214437066,0.35533196929856214
B,0.08,A1,0.39208519040345313,0.382879158470602,0.3984669591908606
B,0.08,A2,0.41586813385542415,0.40836313261579354,0.4217180025793601
B,0.08,A3,0.5737114003234536,0.5578321789437257,0.5852582517092932
B,0.08,A4,0.4069744027040633,0.3956627830252154,0.41663943293719513
B,0.08,A5,0.3474280389133812,0.3384520062700421,0.35503923358472406
B,0.09,A1,0.3922937904014111,0.3830950922206117,0.3986688153714246
B,0.09,A2,0.416813637504288,0.40931392296411356,0.422665385521752
B,0.09,A3,0.5733565280233662,0.5574995518137548,0.5848989139496231
B,0.09,A4,0.4065876818931814,0.39527561258927274,0.4162468104686779
B,0.09,A5,0.34713190157942586,0.3381502803957136,0.35474649787088586
B,0.1,A1,0.39250239039936896,0.38331102597062156,0.39887067155198874
B,0.1,A2,0.4177591411531521,0.41026471331243364,0.4236127684641441
B,0.1,A3,0.5730016557232789,0.5571669246837838,0.5845395761899531
B,0.1,A4,0.4062009610822996,0.3948884421533302,0.4158541880001606
B,0.1,A5,0.3468357642454706,0.33784855452138507,0.35445376215704777
B,0.11,A1,0.39271099039732704,0.38352695972063133,0.39907252773255286
B,0.11,A2,0.41870464480201613,0.41121550366075366,0.42456015140653597
B,0.11,A3,0.5726467834231916,0.5568342975538128,0.5841802384302831
B,0.11,A4,0.40581424027141766,0.39450127171738764,0.4154615655316435
B,0.11,A5,0.3465396269115153,0.3375468286470565,0.3541610264432096
B,0.12,A1,0.39291959039528496,0.38374289347064106,0.39927438391311687
B,0.12,A2,0.41965014845088006,0.4121662940090736,0.42550753434892796
B,0.12,A3,0.5722919111231041,0.5565016704238417,0.5838209006706131
B,0.12,A4,0.4054275194605358,0.394114101281445,0.4150689430631263
B,0.12,A5,0.34624348957755996,0.33724510277272796,0.3538682907293714
B,0.13,A1,0.39312819039324287,0.3839588272206509,0.39947624009368093
B,0.13,A2,0.42059565209974403,0.41311708435739347,0.4264549172913199
B,0.13,A3,0.5719370388230167,0.5561690432938706,0.5834615629109431
B,0.13,A4,0.4050407986496539,0.39372693084550237,0.414676320594609
B,0.13,A5,0.3459473522436046,0.33694337689839937,0.3535755550155332
B,0.14,A1,0.3933367903912009,0.3841747609706607,0.39967809627424516
B,0.14,A2,0.421541155748608,0.4140678747057135,0.42740230023371184
B,0.14,A3,0.5715821665229295,0.5558364161638997,0.583102225151273
B,0.14,A4,0.4046540778387721,0.3933397604095598,0.41428369812609184
B,0.14,A5,0.3456512149096494,0.33664165102407084,0.35328281930169514
B,0.15,A1,0.3935453903891588,0.3843906947206705,0.3998799524548092
B,0.15,A2,0.42248665939747204,0.41501866505403356,0.42834968317610395
B,0.15,A3,0.571227294222842,0.5555037890339287,0.5827428873916031
B,0.15,A4,0.4042673570278901,0.39295258997361726,0.4138910756575746
B,0.15,A5,0.345355077575694,0.33633992514974226,0.352990083587857
B,0.16,A1,0.3937539903871168,0.3846066284706803,0.40008180863537335
B,0.16,A2,0.423432163046336,0.41596945540235347,0.42929706611849583
B,0.16,A3,0.5708724219227547,0.5551711619039577,0.582383549631933
B,0.16,A4,0.4038806362170082,0.3925654195376747,0.41349845318905737
B,0.16,A5,0.3450589402417387,0.3360381992754137,0.3526973478740188
B,0.17,A1,0.3939625903850748,0.38482256222069006,0.4002836648159375
B,0.17,A2,0.42437766669520005,0.41692024575067355,0.4302444490608877
B,0.17,A3,0.5705175496226673,0.5548385347739867,0.5820242118722629
B,0.17,A4,0.40349391540612634,0.3921782491017321,0.4131058307205403
B,0.17,A5,0.3447628029077835,0.33573647340108514,0.3524046121601807
B,0.18,A1,0.39417119038303283,0.38503849597069995,0.4004855209965016
B,0.18,A2,0.425323170344064,0.41787103609899356,0.43119183200327976
B,0.18,A3,0.57016267732258,0.5545059076440156,0.5816648741125932
B,0.18,A4,0.4031071945952445,0.3917910786657895,0.41271320825202307
B,0.18,A5,0.34446666557382816,0.3354347475267566,0.35211187644634256
B,0.19,A1,0.3943797903809908,0.38525442972070967,0.40068737717706576
B,0.19,A2,0.42626867399292795,0.4188218264473134,0.4321392149456717
B,0.19,A3,0.5698078050224926,0.5541732805140447,0.5813055363529229
B,0.19,A4,0.4027204737843627,0.39140390822984683,0.41232058578350594
B,0.19,A5,0.3441705282398729,0.33513302165242803,0.3518191407325044
B,0.2,A1,0.3945883903789488,0.3854703634707195,0.40088923335762977
B,0.2,A2,0.4272141776417921,0.4197726167956335,0.43308659788806375
B,0.2,A3,0.5694529327224053,0.5538406533840736,0.5809461985932531
B,0.2,A4,0.40233375297348084,0.3910167377939043,0.4119279633149886
B,0.2,A5,0.34387439090591754,0.33483129577809956,0.3515264050186662
B,0.21,A1,0.3947969903769067,0.3856862972207293,0.40109108953819395
B,0.21,A2,0.42815968129065596,0.42072340714395345,0.4340339808304557
B,0.21,A3,0.5690980604223179,0.5535080262541027,0.5805868608335829
B,0.21,A4,0.40194703216259886,0.3906295673579618,0.4115353408464715
B,0.21,A5,0.3435782535719623,0.334529569903771,0.3512336693048281
B,0.22,A1,0.3950055903748647,0.38590223097073906,0.401292945718758
B,0.22,A2,0.42910518493952,0.4216741974922735,0.4349813637728477
B,0.22,A3,0.5687431881222306,0.5531753991241316,0.580227523073913
B,0.22,A4,0.40156031135171705,0.3902423969220191,0.41114271837795424
B,0.22,A5,0.343282116238007,0.3342278440294424,0.35094093359099
B,0.23,A1,0.3952141903728226,0.3861181647207489,0.40149480189932213
B,0.23,A2,0.43005068858838397,0.4226249878405935,0.43592874671523957
B,0.23,A3,0.5683883158221432,0.5528427719941605,0.5798681853142429
B,0.23,A4,0.4011735905408351,0.3898552264860765,0.4107500959094371
B,0.23,A5,0.3429859789040517,0.33392611815511386,0.3506481978771518
B,0.24,A1,0.3954227903707806,0.3863340984707587,0.40169665807988625
B,0.24,A2,0.43099619223724794,0.42357577818891345,0.43687612965763156
B,0.24,A3,0.5680334435220558,0.5525101448641895,0.5795088475545729
B,0.24,A4,0.40078686972995325,0.38946805605013396,0.4103574734409199
B,0.24,A5,0.34268984157009635,0.3336243922807853,0.3503554621633137
B,0.25,A1,0.3956313903687387,0.3865500322207685,0.4018985142604503
B,0.25,A2,0.43194169588611203,0.42452656853723353,0.4378235126000236
B,0.25,A3,0.5676785712219684,0.5521775177342185,0.5791495097949029
B,0.25,A4,0.4004001489190714,0.38908088561419135,0.40996485097240265
B,0.25,A5,0.34239370423614107,0.3333226664064567,0.35006272644947545
B,0.26,A1,0.3958399903666965,0.3867659659707782,0.40210037044101443
B,0.26,A2,0.4328871995349759,0.4254773588855534,0.4387708955424155
B,0.26,A3,0.5673236989218811,0.5518448906042475,0.5787901720352329
B,0.26,A4,0.4000134281081895,0.38869371517824874,0.4095722285038854
B,0.26,A5,0.3420975669021857,0.3330209405321281,0.34976999073563736
B,0.27,A1,0.39604859036465456,0.3869818997207881,0.4023022266215786
B,0.27,A2,0.43383270318384004,0.42642814923387345,0.43971827848480755
B,0.27,A3,0.5669688266217937,0.5515122634742765,0.5784308342755629
B,0.27,A4,0.39962670729730765,0.3883065447423062,0.40917960603536824
B,0.27,A5,0.34180142956823045,0.3327192146577996,0.3494772550217992
B,0.28,A1,0.3962571903626125,0.3871978334707979,0.4025040828021426
B,0.28,A2,0.4347782068327039,0.42737893958219336,0.44066566142719943
B,0.28,A3,0.5666139543217064,0.5511796363443054,0.5780714965158927
B,0.28,A4,0.39923998648642584,0.38791937430636364,0.4087869835668511
B,0.28,A5,0.3415052922342751,0.33241748878347105,0.3491845193079611
B,0.29,A1,0.39646579036057045,0.38741376722080767,0.40270593898270673
B,0.29,A2,0.4357237104815679,0.4283297299305134,0.44161304436959137
B,0.29,A3,0.5662590820216189,0.5508470092143344,0.5777121587562228
B,0.29,A4,0.39885326567554386,0.387532203870421,0.4083943610983338
B,0.29,A5,0.34120915490031983,0.3321157629091426,0.34889178359412293
B,0.3,A1,0.3966743903585285,0.3876297009708175,0.40290779516327097
B,0.3,A2,0.43666921413043186,0.42928052027883334,0.4425604273119834
B,0.3,A3,0.5659042097215315,0.5505143820843634,0.5773528209965527
B,0.3,A4,0.39846654486466204,0.3871450334344784,0.4080017386298166
B,0.3,A5,0.3409130175663645,0.33181403703481394,0.3485990478802848
B,0.31,A1,0.39688299035648633,0.3878456347208272,0.403109651343835
B,0.31,A2,0.43761471777929584,0.4302313106271533,0.4435078102543754
B,0.31,A3,0.5655493374214442,0.5501817549543924,0.5769934832368828
B,0.31,A4,0.3980798240537801,0.3867578629985358,0.4076091161612994
B,0.31,A5,0.3406168802324092,0.33151231116048535,0.3483063121664466
B,0.32,A1,0.39709159035444436,0.3880615684708371,0.4033115075243991
B,0.32,A2,0.43856022142815987,0.4311821009754733,0.4444551931967673
B,0.32,A3,0.565194465121357,0.5498491278244215,0.5766341454772128
B,0.32,A4,0.3976931032428983,0.38637069256259327,0.40721649369278223
B,0.32,A5,0.3403207428984539,0.3312105852861568,0.34801357645260844
B,0.33,A1,0.39730019035240227,0.3882775022208468,0.40351336370496316
B,0.33,A2,0.43950572507702396,0.43213289132379334,0.44540257613915935
B,0.33,A3,0.5648395928212695,0.5495165006944505,0.5762748077175428
B,0.33,A4,0.3973063824320163,0.38598352212665066,0.406823871224265
B,0.33,A5,0.34002460556449865,0.33090885941182824,0.3477208407387703
B,0.34,A1,0.39750879035036035,0.38849343597085667,0.40371521988552733
B,0.34,A2,0.4404512287258878,0.43308368167211325,0.4463499590815512
B,0.34,A3,0.564484720521182,0.5491838735644793,0.5759154699578727
B,0.34,A4,0.39691966162113446,0.38559635169070805,0.4064312487557478
B,0.34,A5,0.33972846823054326,0.3306071335374997,0.3474281050249322
B,0.35000000000000003,A1,0.3977173903483182,0.3887093697208664,0.40391707606609134
B,0.35000000000000003,A2,0.4413967323747519,0.4340344720204334,0.44729734202394333
B,0.35000000000000003,A3,0.5641298482210948,0.5488512464345083,0.5755561321982027
B,0.35000000000000003,A4,0.3965329408102526,0.38520918125476544,0.40603862628723064
B,0.35000000000000003,A5,0.339432330896588,0.3303054076631711,0.34713536931109407
B,0.36,A1,0.3979259903462763,0.3889253034708763,0.40411893224665557
B,0.36,A2,0.44234223602361583,0.4349852623687533,0.4482447249663352
B,0.36,A3,0.5637749759210074,0.5485186193045374,0.5751967944385328
B,0.36,A4,0.3961462199993708,0.3848220108188229,0.4056460038187134
B,0.36,A5,0.33913619356263275,0.33000368178884265,0.34684263359725587
B,0.37,A1,0.3981345903442342,0.389141237220886,0.4043207884272196
B,0.37,A2,0.4432877396724798,0.43593605271707325,0.4491921079087271
B,0.37,A3,0.56342010362092,0.5481859921745663,0.5748374566788628
B,0.37,A4,0.39575949918848885,0.3844348403828804,0.40525338135019623
B,0.37,A5,0.3388400562286774,0.32970195591451407,0.3465498978834177
B,0.38,A1,0.3983431903421922,0.3893571709708959,0.40452264460778375
B,0.38,A2,0.4442332433213438,0.4368868430653932,0.45013949085111915
B,0.38,A3,0.5630652313208327,0.5478533650445953,0.5744781189191928
B,0.38,A4,0.395372778377607,0.38404766994693784,0.40486075888167905
B,0.38,A5,0.3385439188947221,0.3294002300401855,0.34625716216957964
B,0.39,A1,0.39855179034015015,0.38957310472090567,0.4047245007883478
B,0.39,A2,0.4451787469702078,0.43783763341371323,0.4510868737935111
B,0.39,A3,0.5627103590207454,0.5475207379146243,0.5741187811595226
B,0.39,A4,0.3949860575667251,0.3836604995109952,0.4044681364131618
B,0.39,A5,0.33824778156076685,0.329098504165857,0.34596442645574144
B,0.4,A1,0.3987603903381081,0.38978903847091545,0.404926356968912
B,0.4,A2,0.44612425061907185,0.43878842376203325,0.45203425673590314
B,0.4,A3,0.5623554867206579,0.5471881107846533,0.5737594433998526
B,0.4,A4,0.39459933675584324,0.3832733290750525,0.40407551394464464
B,0.4,A5,0.3379516442268115,0.3287967782915284,0.3456716907419033
B,0.41000000000000003,A1,0.39896899033606614,0.3900049722209253,0.4051282131494761
B,0.41000000000000003,A2,0.44706975426793577,0.43973921411035327,0.4529816396782951
B,0.41000000000000003,A3,0.5620006144205707,0.5468554836546824,0.5734001056401826
B,0.41000000000000003,A4,0.3942126159449614,0.38288615863910996,0.40368289147612746
B,0.41000000000000003,A5,0.33765550689285617,0.32849505241719984,0.3453789550280652
B,0.42,A1,0.3991775903340241,0.3902209059709351,0.40533006933004023
B,0.42,A2,0.4480152579167998,0.44069000445867323,0.453929022620687
B,0.42,A3,0.5616457421204832,0.5465228565247113,0.5730407678805127
B,0.42,A4,0.3938258951340796,0.38249898820316747,0.4032902690076102
B,0.42,A5,0.3373593695589009,0.3281933265428713,0.34508621931422706
B,0.43,A1,0.399386190331982,0.3904368397209449,0.40553192551060424
B,0.43,A2,0.4489607615656638,0.44164079480699325,0.454876405563079
B,0.43,A3,0.5612908698203959,0.5461902293947403,0.5726814301208426
B,0.43,A4,0.3934391743231976,0.38211181776722486,0.40289764653909305
B,0.43,A5,0.3370632322249456,0.3278916006685427,0.3447934836003889
B,0.44,A1,0.3995947903299401,0.3906527734709546,0.4057337816911684
B,0.44,A2,0.44990626521452776,0.44259158515531316,0.455823788505471
B,0.44,A3,0.5609359975203086,0.5458576022647693,0.5723220923611727
B,0.44,A4,0.39305245351231577,0.38172464733128225,0.40250502407057587
B,0.44,A5,0.33676709489099027,0.3275898747942142,0.3445007478865507
B,0.45,A1,0.399803390327898,0.39086870722096445,0.40593563787173254
B,0.45,A2,0.45085176886339184,0.4435423755036333,0.45677117144786294
B,0.45,A3,0.5605811252202213,0.5455249751347984,0.5719627546015027
B,0.45,A4,0.39266573270143396,0.3813374768953397,0.40211240160205863
B,0.45,A5,0.33647095755703504,0.32728814891988567,0.3442080121727125
B,0.46,A1,0.40001199032585605,0.3910846409709742,0.4061374940522966
B,0.46,A2,0.4517972725122558,0.4444931658519532,0.45771855439025494
B,0.46,A3,0.5602262529201338,0.5451923480048273,0.5716034168418327
B,0.46,A4,0.39227901189055203,0.38095030645939704,0.40171977913354145
B,0.46,A5,0.33617482022307965,0.32698642304555703,0.3439152764588745
B,0.47000000000000003,A1,0.40022059032381396,0.3913005747209841,0.4063393502328607
B,0.47000000000000003,A2,0.4527427761611198,0.4454439562002732,0.4586659373326469
B,0.47000000000000003,A3,0.5598713806200465,0.5448597208748562,0.5712440790821627
B,0.47000000000000003,A4,0.3918922910796701,0.3805631360234545,0.4013271566650243
B,0.47000000000000003,A5,0.3358786828891244,0.32668469717122856,0.3436225407450363
B,0.48,A1,0.4004291903217719,0.3915165084709938,0.4065412064134248
B,0.48,A2,0.4536882798099837,0.4463947465485931,0.45961332027503876
B,0.48,A3,0.5595165083199591,0.5445270937448851,0.5708847413224926
B,0.48,A4,0.3915055702687883,0.38017596558751193,0.40093453419650693
B,0.48,A5,0.3355825455551691,0.3263829712969,0.34332980503119814
B,0.49,A1,0.40063779031972985,0.3917324422210035,0.406743062593989
B,0.49,A2,0.4546337834588477,0.44734553689691314,0.4605607032174308
B,0.49,A3,0.5591616360198718,0.5441944666149141,0.5705254035628226
B,0.49,A4,0.3911188494579063,0.3797887951515692,0.40054191172798975
B,0.49,A5,0.3352864082212138,0.3260812454225714,0.34303706931736005
B,0.5,A1,0.40084639031768793,0.39194837597101345,0.406944918774553
B,0.5,A2,0.4555792871077117,0.4482963272452331,0.4615080861598228
B,0.5,A3,0.5588067637197844,0.5438618394849432,0.5701660658031525
B,0.5,A4,0.39073212864702445,0.3794016247156267,0.4001492892594727
B,0.5,A5,0.33499027088725847,0.32577951954824286,0.34274433360352186
B,0.51,A1,0.4010549903156458,0.3921643097210232,0.40714677495511714
B,0.51,A2,0.45652479075657576,0.4492471175935532,0.46245546910221474
B,0.51,A3,0.558451891419697,0.5435292123549721,0.5698067280434825
B,0.51,A4,0.3903454078361427,0.3790144542796841,0.39975666679095545
B,0.51,A5,0.33469413355330313,0.3254777936739143,0.34245159788968366
B,0.52,A1,0.40126359031360376,0.392380243471033,0.4073486311356812
B,0.52,A2,0.4574702944054396,0.45019790794187303,0.4634028520446067
B,0.52,A3,0.5580970191196096,0.5431965852250011,0.5694473902838124
B,0.52,A4,0.38995868702526076,0.3786272838437415,0.39936404432243816
B,0.52,A5,0.33439799621934785,0.32517606779958574,0.3421588621758455
B,0.53,A1,0.4014721903115618,0.3925961772210428,0.4075504873162453
B,0.53,A2,0.4584157980543037,0.45114869829019316,0.46435023498699873
B,0.53,A3,0.5577421468195223,0.5428639580950301,0.5690880525241425
B,0.53,A4,0.3895719662143789,0.37824011340779895,0.39897142185392104
B,0.53,A5,0.33410185888539257,0.32487434192525716,0.3418661264620074
B,0.54,A1,0.40168079030951975,0.39281211097105256,0.4077523434968095
B,0.54,A2,0.45936130170316763,0.452099488638513,0.4652976179293906
B,0.54,A3,0.5573872745194349,0.5425313309650591,0.5687287147644724
B,0.54,A4,0.389185245403497,0.37785294297185634,0.3985787993854038
B,0.54,A5,0.33380572155143723,0.3245726160509287,0.3415733907481693
B,0.55,A1,0.40188939030747767,0.39302804472106245,0.40795419967737356
B,0.55,A2,0.46030680535203183,0.4530502789868332,0.4662450008717828
B,0.55,A3,0.5570324022193476,0.5421987038350882,0.5683693770048025
B,0.55,A4,0.3887985245926151,0.3774657725359138,0.39818617691688657
B,0.55,A5,0.33350958421748206,0.3242708901766001,0.34128065503433114
B,0.56,A1,0.40209799030543575,0.3932439784710722,0.4081560558579377
B,0.56,A2,0.4612523090008957,0.45400106933515305,0.4671923838141746
B,0.56,A3,0.5566775299192601,0.541866076705117,0.5680100392451326
B,0.56,A4,0.38841180378173334,0.3770786020999712,0.39779355444836945
B,0.56,A5,0.3332134468835267,0.3239691643022716,0.34098791932049294
B,0.5700000000000001,A1,0.40230659030339366,0.39345991222108206,0.40835791203850186
B,0.5700000000000001,A2,0.4621978126497596,0.45495185968347307,0.46813976675656654
B,0.5700000000000001,A3,0.5563226576191728,0.5415334495751462,0.5676507014854624
B,0.5700000000000001,A4,0.38802508297085136,0.3766914316640286,0.39740093197985227
B,0.5700000000000001,A5,0.3329173095495713,0.323667438427943,0.3406951836066548
B,0.58,A1,0.4025151903013515,0.3936758459710918,0.40855976821906587
B,0.58,A2,0.4631433162986236,0.455902650031793,0.4690871496989585
B,0.58,A3,0.5559677853190855,0.5412008224451751,0.5672913637257925
B,0.58,A4,0.38763836215996944,0.3763042612280861,0.3970083095113349
B,0.58,A5,0.3326211722156161,0.32336571255361446,0.3404024478928167
B,0.59,A1,0.4027237902993096,0.3938917797211016,0.40876162439963004
B,0.59,A2,0.4640888199474875,0.456853440380113,0.4700345326413504
B,0.59,A3,0.5556129130189981,0.5408681953152041,0.5669320259661224
B,0.59,A4,0.3872516413490876,0.3759170907921434,0.3966156870428178
B,0.59,A5,0.3323250348816607,0.3230639866792858,0.3401097121789785
B,0.6,A1,0.4029323902972676,0.39410771347111134,0.4089634805801941
B,0.6,A2,0.4650343235963516,0.45780423072843307,0.4709819155837425
B,0.6,A3,0.5552580407189108,0.5405355681852329,0.5665726882064525
B,0.6,A4,0.3868649205382057,0.3755299203562008,0.3962230645743006
B,0.6,A5,0.3320288975477055,0.3227622608049573,0.3398169764651404
B,0.61,A1,0.40314099029522554,0.3943236472211212,0.4091653367607583
B,0.61,A2,0.46597982724521564,0.4587550210767531,0.4719292985261344
B,0.61,A3,0.5549031684188235,0.540202941055262,0.5662133504467822
B,0.61,A4,0.3864781997273239,0.37514274992025826,0.3958304421057834
B,0.61,A5,0.33173276021375014,0.3224605349306288,0.3395242407513022
B,0.62,A1,0.4033495902931835,0.3945395809711309,0.40936719294132234
B,0.62,A2,0.4669253308940796,0.45970581142507294,0.4728766814685264
B,0.62,A3,0.554548296118736,0.539870313925291,0.5658540126871124
B,0.62,A4,0.386091478916442,0.37475557948431565,0.3954378196372662
B,0.62,A5,0.33143662287979486,0.32215880905630023,0.33923150503746413
B,0.63,A1,0.4035581902911415,0.3947555147211408,0.40956904912188646
B,0.63,A2,0.4678708345429436,0.46065660177339296,0.4738240644109184
B,0.63,A3,0.5541934238186486,0.5395376867953199,0.5654946749274423
B,0.63,A4,0.38570475810556004,0.3743684090483731,0.395045197168749
B,0.63,A5,0.3311404855458395,0.3218570831819717,0.33893876932362593
B,0.64,A1,0.4037667902890994,0.39497144847115057,0.4097709053024506
B,0.64,A2,0.46881633819180757,0.461607392121713,0.4747714473533104
B,0.64,A3,0.5538385515185613,0.539205059665349,0.5651353371677723
B,0.64,A4,0.3853180372946783,0.37398123861243054,0.3946525747002318
B,0.64,A5,0.3308443482118843,0.3215553573076432,0.33864603360978784
B,0.65,A1,0.40397539028705737,0.3951873822211604,0.40997276148301465
B,0.65,A2,0.4697618418406716,0.46255818247003305,0.47571883029570233
B,0.65,A3,0.553483679218474,0.5388724325353779,0.5647759994081023
B,0.65,A4,0.38493131648379636,0.37359406817648794,0.3942599522317145
B,0.65,A5,0.3305482108779289,0.32125363143331453,0.33835329789594965
B,0.66,A1,0.40418399028501534,0.3954033159711702,0.4101746176635787
B,0.66,A2,0.47070734548953563,0.463508972818353,0.4766662132380943
B,0.66,A3,0.5531288069183866,0.5385398054054069,0.5644166616484322
B,0.66,A4,0.3845445956729145,0.3732068977405453,0.3938673297631974
B,0.66,A5,0.3302520735439736,0.320951905558986,0.3380605621821115
B,0.67,A1,0.40439259028297336,0.39561924972117996,0.41037647384414283
B,0.67,A2,0.47165284913839955,0.464459763166673,0.47761359618048627
B,0.67,A3,0.5527739346182993,0.538207178275436,0.5640573238887623
B,0.67,A4,0.3841578748620327,0.3728197273046027,0.3934747072946802
B,0.67,A5,0.3299559362100183,0.32065017968465737,0.33776782646827336
B,0.68,A1,0.40460119028093133,0.39583518347118973,0.41057833002470706
B,0.68,A2,0.4725983527872635,0.4654105535149929,0.47856097912287815
B,0.68,A3,0.5524190623182118,0.5378745511454649,0.5636979861290923
B,0.68,A4,0.3837711540511508,0.3724325568686601,0.393082084826163
B,0.68,A5,0.32965979887606306,0.3203484538103289,0.3374750907544352
B,0.6900000000000001,A1,0.4048097902788893,0.39605111722119957,0.4107801862052711
B,0.6900000000000001,A2,0.4735438564361275,0.46636134386331296,0.4795083620652702
B,0.6900000000000001,A3,0.5520641900181245,0.5375419240154938,0.5633386483694223
B,0.6900000000000001,A4,0.3833844332402689,0.3720453864327176,0.3926894623576458
B,0.6900000000000001,A5,0.3293636615421077,0.32004672793600025,0.3371823550405971
B,0.7000000000000001,A1,0.4050183902768473,0.39626705097120934,0.41098204238583524
B,0.7000000000000001,A2,0.4744893600849916,0.4673121342116329,0.4804557450076622
B,0.7000000000000001,A3,0.5517093177180371,0.537209296885523,0.5629793106097521
B,0.7000000000000001,A4,0.382997712429387,0.371658215996775,0.39229683988912856
B,0.7000000000000001,A5,0.32906752420815244,0.3197450020616718,0.3368896193267589
B,0.71,A1,0.4052269902748052,0.3964829847212191,0.41118389856639925
B,0.71,A2,0.4754348637338555,0.46826292455995294,0.48140312795005413
B,0.71,A3,0.5513544454179499,0.5368766697555518,0.5626199728500823
B,0.71,A4,0.38261099161850515,0.3712710455608324,0.3919042174206114
B,0.71,A5,0.3287713868741971,0.31944327618734325,0.33659688361292084
B,0.72,A1,0.40543559027276316,0.39669891847122907,0.4113857547469635
B,0.72,A2,0.4763803673827194,0.46921371490827285,0.48235051089244607
B,0.72,A3,0.5509995731178624,0.5365440426255808,0.5622606350904121
B,0.72,A4,0.38222427080762333,0.3708838751248898,0.39151159495209414
B,0.72,A5,0.3284752495402418,0.31914155031301467,0.3363041478990826
B,0.73,A1,0.4056441902707212,0.3969148522212388,0.41158761092752744
B,0.73,A2,0.47732587103158347,0.470164505256593,0.48329789383483807
B,0.73,A3,0.5506447008177752,0.5362114154956098,0.5619012973307422
B,0.73,A4,0.38183754999674135,0.3704967046889472,0.3911189724835771
B,0.73,A5,0.3281791122062865,0.31883982443868614,0.3360114121852445
B,0.74,A1,0.40585279026867915,0.39713078597124857,0.41178946710809167
B,0.74,A2,0.47827137468044745,0.47111529560491283,0.48424527677723
B,0.74,A3,0.5502898285176877,0.5358787883656387,0.5615419595710722
B,0.74,A4,0.38145082918585954,0.37010953425300464,0.3907263500150598
B,0.74,A5,0.3278829748723313,0.31853809856435755,0.3357186764714063
B,0.75,A1,0.4060613902666372,0.3973467197212584,0.4119913232886558
B,0.75,A2,0.4792168783293115,0.47206608595323285,0.485192659719622
B,0.75,A3,0.5499349562176004,0.5355461612356678,0.5611826218114022
B,0.75,A4,0.3810641083749776,0.3697223638170619,0.39033372754654255
B,0.75,A5,0.32758683753837586,0.318236372690029,0.33542594075756815
B,0.76,A1,0.406269990264595,0.3975626534712681,0.4121931794692198
B,0.76,A2,0.4801623819781755,0.47301687630155287,0.486140042662014
B,0.76,A3,0.5495800839175129,0.5352135341056967,0.5608232840517322
B,0.76,A4,0.38067738756409575,0.3693351933811194,0.38994110507802543
B,0.76,A5,0.3272907002044206,0.3179346468157005,0.33513320504373
B,0.77,A1,0.406478590262553,0.39777858722127796,0.41239503564978386
B,0.77,A2,0.48110788562703943,0.4739676666498729,0.4870874256044059
B,0.77,A3,0.5492252116174257,0.5348809069757257,0.5604639462920621
B,0.77,A4,0.38029066675321394,0.36894802294517687,0.38954848260950814
B,0.77,A5,0.3269945628704653,0.31763292094137185,0.3348404693298919
B,0.78,A1,0.40668719026051103,0.39799452097128774,0.41259689183034803
B,0.78,A2,0.4820533892759034,0.4749184569981928,0.48803480854679787
B,0.78,A3,0.5488703393173383,0.5345482798457547,0.5601046085323922
B,0.78,A4,0.379903945942332,0.36856085250923426,0.38915586014099096
B,0.78,A5,0.32669842553650996,0.31733119506704327,0.3345477336160538
B,0.79,A1,0.406895790258469,0.3982104547212975,0.4127987480109122
B,0.79,A2,0.4829988929247674,0.47586924734651276,0.4889821914891898
B,0.79,A3,0.5485154670172508,0.5342156527157838,0.5597452707727221
B,0.79,A4,0.37951722513145003,0.3681736820732917,0.3887632376724738
B,0.79,A5,0.32640228820255474,0.3170294691927148,0.33425499790221563
B,0.8,A1,0.40710439025642686,0.39842638847130735,0.41300060419147633
B,0.8,A2,0.4839443965736314,0.4768200376948328,0.48992957443158186
B,0.8,A3,0.5481605947171635,0.5338830255858128,0.5593859330130521
B,0.8,A4,0.3791305043205682,0.3677865116373491,0.38837061520395655
B,0.8,A5,0.32610615086859945,0.3167277433183862,0.33396226218837743
B,0.81,A1,0.4073129902543849,0.3986423222213172,0.4132024603720404
B,0.81,A2,0.48488990022249545,0.4777708280431529,0.49087695737397385
B,0.81,A3,0.5478057224170761,0.5335503984558417,0.559026595253382
B,0.81,A4,0.37874378350968635,0.3673993412014065,0.38797799273543937
B,0.81,A5,0.3258100135346441,0.3164260174440577,0.3336695264745393
B,0.8200000000000001,A1,0.40752159025234286,0.39885825597132696,0.41340431655260446
B,0.8200000000000001,A2,0.4858354038713593,0.47872161839147276,0.49182434031636574
B,0.8200000000000001,A3,0.5474508501169889,0.5332177713258707,0.558667257493712
B,0.8200000000000001,A4,0.37835706269880454,0.36701217076546394,0.38758537026692214
B,0.8200000000000001,A5,0.3255138762006888,0.31612429156972915,0.33337679076070115
B,0.8300000000000001,A1,0.4077301902503009,0.3990741897213367,0.4136061727331686
B,0.8300000000000001,A2,0.48678090752022335,0.47967240873979283,0.49277172325875773
B,0.8300000000000001,A3,0.5470959778169014,0.5328851441958997,0.558307919734042
B,0.8300000000000001,A4,0.37797034188792256,0.36662500032952133,0.3871927477984049
B,0.8300000000000001,A5,0.3252177388667335,0.31582256569540057,0.333084055046863
B,0.84,A1,0.40793879024825885,0.3992901234713465,0.41380802891373275
B,0.84,A2,0.48772641116908744,0.4806231990881128,0.4937191062011497
B,0.84,A3,0.5467411055168142,0.5325525170659287,0.5579485819743721
B,0.84,A4,0.37758362107704074,0.3662378298935788,0.3868001253298878
B,0.84,A5,0.3249216015327782,0.315520839821072,0.33279131933302486
B,0.85,A1,0.4081473902462168,0.39950605722135624,0.41400988509429676
B,0.85,A2,0.48867191481795136,0.48157398943643276,0.49466648914354167
B,0.85,A3,0.5463862332167267,0.5322198899359576,0.5575892442147021
B,0.85,A4,0.3771969002661589,0.36585065945763623,0.38640750286137066
B,0.85,A5,0.3246254641988229,0.31521911394674346,0.3324985836191867
B,0.86,A1,0.40835599024417474,0.39972199097136607,0.4142117412748609
B,0.86,A2,0.4896174184668154,0.4825247797847527,0.4956138720859336
B,0.86,A3,0.5460313609166393,0.5318872628059865,0.5572299064550319
B,0.86,A4,0.3768101794552769,0.36546348902169357,0.38601488039285337
B,0.86,A5,0.3243293268648676,0.31491738807241487,0.3322058479053486
B,0.87,A1,0.4085645902421328,0.39993792472137596,0.41441359745542505
B,0.87,A2,0.4905629221156793,0.48347557013307274,0.49656125502832565
B,0.87,A3,0.545676488616552,0.5315546356760156,0.556870568695362
B,0.87,A4,0.3764234586443951,0.365076318585751,0.38562225792433613
B,0.87,A5,0.3240331895309123,0.31461566219808634,0.33191311219151043
B,0.88,A1,0.40877319024009073,0.40015385847138585,0.41461545363598923
B,0.88,A2,0.4915084257645434,0.4844263604813927,0.4975086379707176
B,0.88,A3,0.5453216163164647,0.5312220085460446,0.556511230935692
B,0.88,A4,0.3760367378335133,0.3646891481498084,0.385229635455819
B,0.88,A5,0.323737052196957,0.31431393632375787,0.33162037647767223
B,0.89,A1,0.40898179023804865,0.4003697922213955,0.41481730981655324
B,0.89,A2,0.49245392941340727,0.4853771508297127,0.4984560209131096
B,0.89,A3,0.5449667440163772,0.5308893814160736,0.556151893176022
B,0.89,A4,0.3756500170226313,0.3643019777138658,0.3848370129873018
B,0.89,A5,0.32344091486300164,0.31401221044942923,0.33132764076383414
B,0.9,A1,0.4091903902360067,0.4005857259714054,0.41501916599711736
B,0.9,A2,0.49339943306227135,0.4863279411780327,0.49940340385550147
B,0.9,A3,0.5446118717162899,0.5305567542861026,0.5557925554163519
B,0.9,A4,0.3752632962117496,0.3639148072779233,0.38444439051878454
B,0.9,A5,0.3231447775290464,0.3137104845751007,0.33103490504999605
B,0.91,A1,0.40939899023396464,0.4008016597214151,0.41522102217768153
B,0.91,A2,0.4943449367111354,0.4872787315263528,0.5003507867978935
B,0.91,A3,0.5442569994162026,0.5302241271561315,0.555433217656682
B,0.91,A4,0.37487657540086755,0.3635276368419807,0.3840517680502674
B,0.91,A5,0.3228486401950911,0.3134087587007722,0.3307421693361579
B,0.92,A1,0.40960759023192256,0.40101759347142496,0.41542287835824554
B,0.92,A2,0.4952904403599993,0.4882295218746726,0.5012981697402854
B,0.92,A3,0.5439021271161153,0.5298915000261605,0.5550738798970118
B,0.92,A4,0.37448985458998574,0.3631404664060381,0.38365914558175024
B,0.92,A5,0.32255250286113574,0.3131070328264436,0.3304494336223197
B,0.93,A1,0.4098161902298806,0.4012335272214347,0.4156247345388097
B,0.93,A2,0.49623594400886334,0.48918031222299274,0.5022455526826775
B,0.93,A3,0.543547254816028,0.5295588728961895,0.554714542137342
B,0.93,A4,0.37410313377910387,0.3627532959700954,0.3832665231132329
B,0.93,A5,0.32225636552718057,0.312805306952115,0.33015669790848157
B,0.9400000000000001,A1,0.4100247902278385,0.40144946097144446,0.4158265907193737
B,0.9400000000000001,A2,0.4971814476577273,0.4901311025713126,0.5031929356250694
B,0.9400000000000001,A3,0.5431923825159405,0.5292262457662184,0.5543552043776719
B,0.9400000000000001,A4,0.373716412968222,0.36236612553415287,0.38287390064471577
B,0.9400000000000001,A5,0.3219602281932251,0.3125035810777865,0.32986396219464337
B,0.9500000000000001,A1,0.4102333902257966,0.40166539472145435,0.4160284468999379
B,0.9500000000000001,A2,0.49812695130659124,0.4910818929196327,0.5041403185674613
B,0.9500000000000001,A3,0.5428375102158531,0.5288936186362475,0.5539958666180017
B,0.9500000000000001,A4,0.3733296921573401,0.36197895509821026,0.38248127817619854
B,0.9500000000000001,A5,0.32166409085926984,0.31220185520345795,0.3295712264808052
B,0.96,A1,0.4104419902237545,0.4018813284714641,0.4162303030805019
B,0.96,A2,0.4990724549554552,0.4920326832679527,0.5050877015098534
B,0.96,A3,0.5424826379157657,0.5285609915062764,0.553636528858332
B,0.96,A4,0.3729429713464583,0.3615917846622678,0.38208865570768136
B,0.96,A5,0.32136795352531455,0.31190012932912936,0.3292784907669671
B,0.97,A1,0.41065059022171246,0.40209726222147396,0.41643215926106614
B,0.97,A2,0.5000179586043192,0.49298347361627265,0.5060350844522452
B,0.97,A3,0.5421277656156783,0.5282283643763055,0.5532771910986618
B,0.97,A4,0.3725562505355763,0.36120461422632516,0.3816960332391642
B,0.97,A5,0.3210718161913592,0.31159840345480083,0.32898575505312894
B,0.98,A1,0.4108591902196704,0.40231319597148374,0.4166340154416302
B,0.98,A2,0.5009634622531833,0.49393426396459256,0.5069824673946373
B,0.98,A3,0.541772893315591,0.5278957372463344,0.5529178533389919
B,0.98,A4,0.37216952972469447,0.3608174437903825,0.38130341077064694
B,0.98,A5,0.32077567885740393,0.3112966775804722,0.3286930193392908
B,0.99,A1,0.4110677902176284,0.4025291297214935,0.4168358716221944
B,0.99,A2,0.5019089659020473,0.4948850543129126,0.5079298503370292
B,0.99,A3,0.5414180210155036,0.5275631101163634,0.5525585155793218
B,0.99,A4,0.37178280891381266,0.36043027335443995,0.3809107883021298
B,0.99,A5,0.32047954152344876,0.3109949517061437,0.32840028362545265
B,1.0,A1,0.4112763902155863,0.40274506347150335,0.4170377278027585
B,1.0,A2,0.5028544695509111,0.49583584466123254,0.5088772332794211
B,1.0,A3,0.5410631487154163,0.5272304829863924,0.5521991778196518
B,1.0,A4,0.3713960881029307,0.3600431029184974,0.38051816583361253
B,1.0,A5,0.32018340418949337,0.3106932258318151,0.32810754791161445
