panel,alternative_id,criterion_id,u0,u_lower,u_upper,interval_width,m_L,m_B,m_Neg,boundary_discordance,rho,ignorance_mass,epsilon_n,epsilon_p,config_threshold,config_target_mode,config_median_band_radius,config_epsilon_multiplier,config_nu,config_t2nn_weight,config_boundary_metric,config_rho_power,config_equal_spacing,p0_VWI,singleton_VWI,p0_PI,singleton_PI,p0_EI,singleton_EI,p0_SI,singleton_SI,p0_VSI,singleton_VSI,p0_AI,singleton_AI
A,A1,D1,0.46507754191594031,0.44753926588461213,0.49048504739091126,0.04294578150629913,0.20000000000000001,0.80000000000000004,0,0.053682226882873933,0.053682226882873933,0.042945781506299151,0.22222222222222221,0.30813953488372092,SI,threshold_upper_set,1,1,3,0.5,W1,1,False,0,0,0,0,0.42141835724379306,0.39879568137762372,0.37858164275620698,0.35825853711607719,0.20000000000000001,0.20000000000000001,0,0
A,A1,D2,0.25109487416027149,0.24284471911864797,0.26596469999733041,0.023119980878682445,0,0.5,0.5,0.04623996175736491,0.04623996175736491,0.023119980878682455,0.22222222222222221,0.30813953488372092,SI,threshold_upper_set,1,1,3,0.5,W1,1,False,0,0,0.5,0.5,0.35769535413687892,0.34115553464080256,0.14230464586312111,0.13572448448051502,0,0,0,0
A,A1,D3,0.93927252236547376,0.93927252236547376,0.93927252236547376,0,1,0,0,0,0,0,0.22222222222222221,0.30813953488372092,SI,threshold_upper_set,1,1,3,0.5,W1,1,False,0,0,0,0,0,0,0,0,0.19707785194600957,0.19707785194600957,0.80292214805399043,0.80292214805399043
A,A1,D4,0.56506597807995917,0.55393905772792407,0.57709426970179578,0.023155211973871714,0.40000000000000002,0.59999999999999998,0,0.038592019956452887,0.038592019956452887,0.023155211973871732,0.22222222222222221,0.30813953488372092,SI,threshold_upper_set,1,1,3,0.5,W1,1,False,0,0,0,0,0.1576308887286603,0.15154759432509043,0.44236911127133971,0.42529719370103786,0.40000000000000002,0.40000000000000002,0,0
A,A1,D5,0.85253997720715569,0.85253997720715569,0.85253997720715569,0,1,0,0,0,0,0,0.22222222222222221,0.30813953488372092,SI,threshold_upper_set,1,1,3,0.5,W1,1,False,0,0,0,0,0,0,0.10000000000000001,0.10000000000000001,0.33326648906356998,0.33326648906356998,0.56673351093642998,0.56673351093642998
A,A1,D6,0.53779702304148813,0.52559895745082352,0.55003021283612519,0.024431255385301665,0.20000000000000001,0.80000000000000004,0,0.030539069231627042,0.030539069231627042,0.024431255385301637,0.22222222222222221,0.30813953488372092,SI,threshold_upper_set,1,1,3,0.5,W1,1,False,0,0,0,0,0.15529600078434169,0.15055340546499385,0.64470399921565835,0.62501533914970453,0.20000000000000001,0.20000000000000001,0,0
A,A1,D7,0.66854383339726342,0.66854383339726342,0.66854383339726342,0,1,0,0,0,0,0,0.22222222222222221,0.30813953488372092,SI,threshold_upper_set,1,1,3,0.5,W1,1,False,0,0,0,0,0,0,0.16710252731961187,0.16710252731961187,0.83289747268038816,0.83289747268038816,0,0
A,A1,D8,0.52833696297411303,0.51355578580936123,0.54581110710642455,0.032255321297063322,0.30000000000000004,0.69999999999999996,0,0.046079030424376222,0.046079030424376222,0.032255321297063357,0.22222222222222221,0.30813953488372092,SI,threshold_upper_set,1,1,3,0.5,W1,1,False,0,0,0,0,0.24097962486069263,0.22987551739508202,0.45902037513930732,0.43786916130785464,0.30000000000000004,0.30000000000000004,0,0
A,A1,D9,0.48422492802103029,0.47543237821900175,0.5008589784471088,0.025426600228107055,0.40000000000000002,0.59999999999999998,0,0.042377667046845091,0.042377667046845091,0.025426600228107055,0.22222222222222221,0.30813953488372092,SI,threshold_upper_set,1,1,3,0.5,W1,1,False,0,0,0,0,0.45347473149750639,0.43425753031194758,0.14652526850249362,0.14031586945994537,0.40000000000000002,0.40000000000000002,0,0
A,A1,D10,0.90969735571386712,0.90969735571386712,0.90969735571386712,0,1,0,0,0,0,0,0.22222222222222221,0.30813953488372092,SI,threshold_upper_set,1,1,3,0.5,W1,1,False,0,0,0,0,0,0,0.050000000000000003,0.050000000000000003,0.2204161286266958,0.2204161286266958,0.72958387137330427,0.72958387137330427
A,A2,D1,0.22046016680895741,0.22046016680895741,0.22046016680895741,0,0,0,1,0,0,0,0.22222222222222221,0.30813953488372092,SI,threshold_upper_set,1,1,3,0.5,W1,1,False,0,0,0.43829788299388395,0.43829788299388395,0.56170211700611605,0.56170211700611605,0,0,0,0,0,0
A,A2,D2,0.22046016680895741,0.22046016680895741,0.22046016680895741,0,0,0,1,0,0,0,0.22222222222222221,0.30813953488372092,SI,threshold_upper_set,1,1,3,0.5,W1,1,False,0,0,0.43829788299388395,0.43829788299388395,0.56170211700611605,0.56170211700611605,0,0,0,0,0,0
A,A2,D3,0.73482832843015866,0.73482832843015866,0.73482832843015866,0,1,0,0,0,0,0,0.22222222222222221,0.30813953488372092,SI,threshold_upper_set,1,1,3,0.5,W1,1,False,0,0,0,0,0,0,0.15000000000000002,0.15000000000000002,0.6426325945285416,0.6426325945285416,0.20736740547145843,0.20736740547145843
A,A2,D4,0.46504674131460944,0.44456284098567028,0.48860981198698217,0.044046971001311885,0,1,0,0.044046971001311899,0.044046971001311899,0.044046971001311899,0.22222222222222221,0.30813953488372092,SI,threshold_upper_set,1,1,3,0.5,W1,1,False,0,0,0,0,0.31940341476355694,0.30533466181574653,0.68059658523644306,0.65061836718294153,0,0,0,0
A,A2,D5,0.78897185937574887,0.78897185937574887,0.78897185937574887,0,1,0,0,0,0,0,0.22222222222222221,0.30813953488372092,SI,threshold_upper_set,1,1,3,0.5,W1,1,False,0,0,0,0,0,0,0.10000000000000001,0.10000000000000001,0.53956302240323017,0.53956302240323017,0.36043697759676985,0.36043697759676985
A,A2,D6,0.29403216126773579,0.28450610181253011,0.31326809876660627,0.028761996954076163,0,0.80000000000000004,0.20000000000000001,0.03595249619259519,0.03595249619259519,0.028761996954076153,0.22222222222222221,0.30813953488372092,SI,threshold_upper_set,1,1,3,0.5,W1,1,False,0,0,0.20000000000000001,0.20000000000000001,0.64737166514786071,0.62409703782143822,0.15262833485213934,0.14714096522448564,0,0,0,0
A,A2,D7,0.83143039507910355,0.83143039507910355,0.83143039507910355,0,1,0,0,0,0,0,0.22222222222222221,0.30813953488372092,SI,threshold_upper_set,1,1,3,0.5,W1,1,False,0,0,0,0,0,0,0.050000000000000003,0.050000000000000003,0.47441456691309819,0.47441456691309819,0.47558543308690182,0.47558543308690182
A,A2,D8,0.93927252236547376,0.93927252236547376,0.93927252236547376,0,1,0,0,0,0,0,0.22222222222222221,0.30813953488372092,SI,threshold_upper_set,1,1,3,0.5,W1,1,False,0,0,0,0,0,0,0,0,0.19707785194600957,0.19707785194600957,0.80292214805399043,0.80292214805399043
A,A2,D9,0.58720858648223584,0.5805909001540811,0.59338016614180866,0.012789265987727561,0.40000000000000002,0.59999999999999998,0,0.021315443312879247,0.021315443312879247,0.012789265987727548,0.22222222222222221,0.30813953488372092,SI,threshold_upper_set,1,1,3,0.5,W1,1,False,0,0,0,0,0.076598364362881588,0.074965636269445315,0.52340163563711839,0.51224509774282712,0.40000000000000002,0.40000000000000002,0,0
A,A2,D10,0.90969735571386712,0.90969735571386712,0.90969735571386712,0,1,0,0,0,0,0,0.22222222222222221,0.30813953488372092,SI,threshold_upper_set,1,1,3,0.5,W1,1,False,0,0,0,0,0,0,0.050000000000000003,0.050000000000000003,0.2204161286266958,0.2204161286266958,0.72958387137330427,0.72958387137330427
A,A3,D1,0.56506597807995917,0.55393905772792407,0.57709426970179578,0.023155211973871714,0.40000000000000002,0.59999999999999998,0,0.038592019956452887,0.038592019956452887,0.023155211973871732,0.22222222222222221,0.30813953488372092,SI,threshold_upper_set,1,1,3,0.5,W1,1,False,0,0,0,0,0.1576308887286603,0.15154759432509043,0.44236911127133971,0.42529719370103786,0.40000000000000002,0.40000000000000002,0,0
A,A3,D2,0.7720142728415279,0.7720142728415279,0.7720142728415279,0,1,0,0,0,0,0,0.22222222222222221,0.30813953488372092,SI,threshold_upper_set,1,1,3,0.5,W1,1,False,0,0,0,0,0,0,0.20000000000000001,0.20000000000000001,0.44931217115579625,0.44931217115579625,0.3506878288442038,0.3506878288442038
A,A3,D3,0.52404132732681363,0.51149397221746307,0.53632081291760192,0.024826840700138852,0.10000000000000001,0.90000000000000002,0,0.027585378555709861,0.027585378555709861,0.024826840700138877,0.22222222222222221,0.30813953488372092,SI,threshold_upper_set,1,1,3,0.5,W1,1,False,0,0,0,0,0.15457216382527789,0.15030823217198241,0.74542783617472219,0.72486492712787887,0.10000000000000001,0.10000000000000001,0,0
A,A3,D4,0.41509877141896445,0.39291034868662761,0.44636370547804471,0.053453356791417106,0,1,0,0.053453356791417134,0.053453356791417134,0.053453356791417134,0.22222222222222221,0.30813953488372092,SI,threshold_upper_set,1,1,3,0.5,W1,1,False,0,0,0,0,0.50219173012634299,0.47534789639820052,0.49780826987365695,0.47119874681038226,0,0,0,0
A,A3,D5,0.41509877141896445,0.39291034868662761,0.44636370547804471,0.053453356791417106,0,1,0,0.053453356791417134,0.053453356791417134,0.053453356791417134,0.22222222222222221,0.30813953488372092,SI,threshold_upper_set,1,1,3,0.5,W1,1,False,0,0,0,0,0.50219173012634299,0.47534789639820052,0.49780826987365695,0.47119874681038226,0,0,0,0
A,A3,D6,0.56506597807995917,0.55393905772792407,0.57709426970179578,0.023155211973871714,0.40000000000000002,0.59999999999999998,0,0.038592019956452887,0.038592019956452887,0.023155211973871732,0.22222222222222221,0.30813953488372092,SI,threshold_upper_set,1,1,3,0.5,W1,1,False,0,0,0,0,0.1576308887286603,0.15154759432509043,0.44236911127133971,0.42529719370103786,0.40000000000000002,0.40000000000000002,0,0
A,A3,D7,0.38738223557929258,0.36697825233951886,0.41964970024228987,0.052671447902771007,0,1,0,0.052671447902771035,0.052671447902771035,0.052671447902771035,0.22222222222222221,0.30813953488372092,SI,threshold_upper_set,1,1,3,0.5,W1,1,False,0,0,0,0,0.6036224570289721,0.57182878823062799,0.3963775429710279,0.375499763866601,0,0,0,0
A,A3,D8,0.55148567045053065,0.53974222881507083,0.56364380227427169,0.023901573459200853,0.30000000000000004,0.69999999999999996,0,0.034145104941715583,0.034145104941715583,0.023901573459200905,0.22222222222222221,0.30813953488372092,SI,threshold_upper_set,1,1,3,0.5,W1,1,False,0,0,0,0,0.15626520601082397,0.15092951415284556,0.54373479398917601,0.52516891238795349,0.30000000000000004,0.30000000000000004,0,0
A,A3,D9,0.23934237418036897,0.23109221913874545,0.25421220001742789,0.023119980878682445,0,0.5,0.5,0.04623996175736491,0.04623996175736491,0.023119980878682455,0.22222222222222221,0.30813953488372092,SI,threshold_upper_set,1,1,3,0.5,W1,1,False,0.080857199861729109,0.080857199861729109,0.41914280013827088,0.41914280013827088,0.35769535413687892,0.34115553464080256,0.14230464586312111,0.13572448448051502,0,0,0,0
A,A3,D10,0.29403216126773579,0.28450610181253011,0.31326809876660627,0.028761996954076163,0,0.80000000000000004,0.20000000000000001,0.03595249619259519,0.03595249619259519,0.028761996954076153,0.22222222222222221,0.30813953488372092,SI,threshold_upper_set,1,1,3,0.5,W1,1,False,0,0,0.20000000000000001,0.20000000000000001,0.64737166514786071,0.62409703782143822,0.15262833485213934,0.14714096522448564,0,0,0,0
A,A4,D1,0.56506597807995917,0.55393905772792407,0.57709426970179578,0.023155211973871714,0.40000000000000002,0.59999999999999998,0,0.038592019956452887,0.038592019956452887,0.023155211973871732,0.22222222222222221,0.30813953488372092,SI,threshold_upper_set,1,1,3,0.5,W1,1,False,0,0,0,0,0.1576308887286603,0.15154759432509043,0.44236911127133971,0.42529719370103786,0.40000000000000002,0.40000000000000002,0,0
A,A4,D2,0.60105084473894654,0.59463874238319936,0.60720554814016203,0.012566805756962673,0.5,0.5,0,0.02513361151392534,0.02513361151392534,0.01256680575696267,0.22222222222222221,0.30813953488372092,SI,threshold_upper_set,1,1,3,0.5,W1,1,False,0,0,0,0,0.077005419253217258,0.07506999496123995,0.42299458074678276,0.41236319928179738,0.49999999999999989,0.49999999999999989,1.25685625429263e-16,1.25685625429263e-16
A,A4,D3,0.51024122436161379,0.49741701965011936,0.52255063116404465,0.025133611513925291,0,1,0,0.02513361151392534,0.02513361151392534,0.02513361151392534,0.22222222222222221,0.30813953488372092,SI,threshold_upper_set,1,1,3,0.5,W1,1,False,0,0,0,0,0.15401083850643452,0.1501399899224799,0.84598916149356551,0.82472639856359475,0,0,0,0
A,A4,D4,0.89364693708910803,0.89364693708910803,0.89364693708910803,0,1,0,0,0,0,0,0.22222222222222221,0.30813953488372092,SI,threshold_upper_set,1,1,3,0.5,W1,1,False,0,0,0,0,0,0,0,0,0.34514578906930965,0.34514578906930965,0.65485421093069029,0.65485421093069029
A,A4,D5,0.60266263963031186,0.60266263963031186,0.60266263963031186,0,1,0,0,0,0,0,0.22222222222222221,0.30813953488372092,SI,threshold_upper_set,1,1,3,0.5,W1,1,False,0,0,0,0,0,0,0.63925108264943153,0.63925108264943153,0.36074891735056841,0.36074891735056841,0,0
A,A4,D6,0.61705182827691663,0.61705182827691663,0.61705182827691663,0,1,0,0,0,0,0,0.22222222222222221,0.30813953488372092,SI,threshold_upper_set,1,1,3,0.5,W1,1,False,0,0,0,0,0,0,0.53612856401543152,0.53612856401543152,0.46387143598456848,0.46387143598456848,0,0
A,A4,D7,0.57333189915927241,0.56656881127336689,0.57951167935935366,0.01294286808598677,0.30000000000000004,0.69999999999999996,0,0.018489811551409736,0.018489811551409736,0.012942868085986815,0.22222222222222221,0.30813953488372092,SI,threshold_upper_set,1,1,3,0.5,W1,1,False,0,0,0,0,0.076317305204364666,0.074906212613024548,0.62368269479563532,0.61215091930098864,0.30000000000000004,0.30000000000000004,0,0
A,A4,D8,0.30802885311087941,0.29824207019145305,0.32825326478530481,0.030011194593851764,0,0.90000000000000002,0.10000000000000001,0.033345771770946386,0.033345771770946386,0.030011194593851747,0.22222222222222221,0.30813953488372092,SI,threshold_upper_set,1,1,3,0.5,W1,1,False,0,0,0.10000000000000001,0.10000000000000001,0.74508589925380342,0.72024043490753575,0.15491410074619669,0.14974837049861259,0,0,0,0
A,A4,D9,0.57333189915927241,0.56656881127336689,0.57951167935935366,0.01294286808598677,0.30000000000000004,0.69999999999999996,0,0.018489811551409736,0.018489811551409736,0.012942868085986815,0.22222222222222221,0.30813953488372092,SI,threshold_upper_set,1,1,3,0.5,W1,1,False,0,0,0,0,0.076317305204364666,0.074906212613024548,0.62368269479563532,0.61215091930098864,0.30000000000000004,0.30000000000000004,0,0
A,A4,D10,0.60266263963031186,0.60266263963031186,0.60266263963031186,0,1,0,0,0,0,0,0.22222222222222221,0.30813953488372092,SI,threshold_upper_set,1,1,3,0.5,W1,1,False,0,0,0,0,0,0,0.63925108264943153,0.63925108264943153,0.36074891735056841,0.36074891735056841,0,0
A,A5,D1,0.72864733838124396,0.72308387820522646,0.73466148419216226,0.011577605986935802,0.69999999999999996,0.30000000000000004,0,0.038592019956452846,0.038592019956452846,0.011577605986935855,0.22222222222222221,0.30813953488372092,SI,threshold_upper_set,1,1,3,0.5,W1,1,False,0,0,0,0,0.078815444364330162,0.075773797162545231,0.22118455563566988,0.21264859685051896,0.374874187043444,0.374874187043444,0.32512581295655607,0.32512581295655607
A,A5,D2,0.81538539194503978,0.81538539194503978,0.81538539194503978,0,1,0,0,0,0,0,0.22222222222222221,0.30813953488372092,SI,threshold_upper_set,1,1,3,0.5,W1,1,False,0,0,0,0,0,0,0.15000000000000002,0.15000000000000002,0.38120212425383332,0.38120212425383332,0.46879787574616671,0.46879787574616671
A,A5,D3,0.61705182827691663,0.61705182827691663,0.61705182827691663,0,1,0,0,0,0,0,0.22222222222222221,0.30813953488372092,SI,threshold_upper_set,1,1,3,0.5,W1,1,False,0,0,0,0,0,0,0.53612856401543152,0.53612856401543152,0.46387143598456848,0.46387143598456848,0,0
A,A5,D4,0.70935057260469525,0.70325153980936295,0.71546716750201378,0.012215627692650832,0.59999999999999998,0.40000000000000002,0,0.030539069231627042,0.030539069231627042,0.012215627692650818,0.22222222222222221,0.30813953488372092,SI,threshold_upper_set,1,1,3,0.5,W1,1,False,0,0,0,0,0.077648000392170846,0.075276702732496925,0.32235199960782918,0.31250766957485226,0.29324991497283748,0.29324991497283748,0.3067500850271625,0.3067500850271625
A,A5,D5,0.63071422660860821,0.63071422660860821,0.63071422660860821,0,1,0,0,0,0,0,0.22222222222222221,0.30813953488372092,SI,threshold_upper_set,1,1,3,0.5,W1,1,False,0,0,0,0,0,0,0.43821470930497469,0.43821470930497469,0.56178529069502536,0.56178529069502536,0,0
A,A5,D6,0.63540336531898356,0.62516141515451396,0.64718490065516998,0.022023485500656026,0.5,0.5,0,0.044046971001311948,0.044046971001311948,0.022023485500655974,0.22222222222222221,0.30813953488372092,SI,threshold_upper_set,1,1,3,0.5,W1,1,False,0,0,0,0,0.15970170738177847,0.15266733090787327,0.34029829261822153,0.32530918359147076,0.31518190411681585,0.31518190411681585,0.18481809588318415,0.18481809588318415
A,A5,D7,0.63071422660860821,0.63071422660860821,0.63071422660860821,0,1,0,0,0,0,0,0.22222222222222221,0.30813953488372092,SI,threshold_upper_set,1,1,3,0.5,W1,1,False,0,0,0,0,0,0,0.43821470930497469,0.43821470930497469,0.56178529069502536,0.56178529069502536,0,0
A,A5,D8,0.46969952532306225,0.46144937028143868,0.48456935116012112,0.023119980878682445,0.40000000000000002,0.5,0.10000000000000001,0.04623996175736491,0.04623996175736491,0.023119980878682455,0.22222222222222221,0.30813953488372092,SI,threshold_upper_set,1,1,3,0.5,W1,1,False,0,0,0.10000000000000001,0.10000000000000001,0.35769535413687892,0.34115553464080256,0.14230464586312111,0.13572448448051502,0.40000000000000002,0.40000000000000002,0,0
A,A5,D9,0.58720858648223584,0.5805909001540811,0.59338016614180866,0.012789265987727561,0.40000000000000002,0.59999999999999998,0,0.021315443312879247,0.021315443312879247,0.012789265987727548,0.22222222222222221,0.30813953488372092,SI,threshold_upper_set,1,1,3,0.5,W1,1,False,0,0,0,0,0.076598364362881588,0.074965636269445315,0.52340163563711839,0.51224509774282712,0.40000000000000002,0.40000000000000002,0,0
A,A5,D10,0.58720858648223584,0.5805909001540811,0.59338016614180866,0.012789265987727561,0.40000000000000002,0.59999999999999998,0,0.021315443312879247,0.021315443312879247,0.012789265987727548,0.22222222222222221,0.30813953488372092,SI,threshold_upper_set,1,1,3,0.5,W1,1,False,0,0,0,0,0.076598364362881588,0.074965636269445315,0.52340163563711839,0.51224509774282712,0.40000000000000002,0.40000000000000002,0,0
B,A1,D1,0.47229080562212278,0.45900182279548851,0.48914791501804433,0.03014609222255582,0.20000000000000001,0.59999999999999998,0.20000000000000001,0.050243487037593043,0.050243487037593043,0.030146092222555824,0.22222222222222221,0.30813953488372092,SI,threshold_upper_set,1,1,3,0.5,W1,1,False,0,0,0.20000000000000001,0.20000000000000001,0.24483906529489782,0.23253749689145722,0.35516093470510218,0.33731641088598691,0.06902915781386193,0.06902915781386193,0.13097084218613805,0.13097084218613805
B,A1,D2,0.27991040311610627,0.27070708175301356,0.29796974845034241,0.027262666697328852,0,0.69999999999999996,0.30000000000000004,0.038946666710469827,0.038946666710469827,0.027262666697328877,0.22222222222222221,0.30813953488372092,SI,threshold_upper_set,1,1,3,0.5,W1,1,False,0,0,0.30000000000000004,0.30000000000000004,0.55011512051127065,0.52868997026032827,0.14988487948872928,0.14404736304234281,0,0,0,0
B,A1,D3,0.8234201934808445,0.8234201934808445,0.8234201934808445,0,1,0,0,0,0,0,0.22222222222222221,0.30813953488372092,SI,threshold_upper_set,1,1,3,0.5,W1,1,False,0,0,0,0,0,0,0.10000000000000001,0.10000000000000001,0.42776842870367476,0.42776842870367476,0.47223157129632526,0.47223157129632526
B,A1,D4,0.6597611991612109,0.6597611991612109,0.6597611991612109,0,0.90000000000000002,0,0.10000000000000001,0,0,0,0.22222222222222221,0.30813953488372092,SI,threshold_upper_set,1,1,3,0.5,W1,1,False,0,0,0.10000000000000001,0.10000000000000001,0,0,0.25,0.25,0.46360516498625909,0.46360516498625909,0.18639483501374099,0.18639483501374099
B,A1,D5,0.70355183662900345,0.69718669381110643,0.7132244590842588,0.016037765273152371,0.69999999999999996,0.30000000000000004,0,0.053459217577174409,0.053459217577174409,0.016037765273152326,0.22222222222222221,0.30813953488372092,SI,threshold_upper_set,1,1,3,0.5,W1,1,False,0,0,0,0,0.17065430184061492,0.1615312563880367,0.12934569815938513,0.12243097833881104,0.374874187043444,0.374874187043444,0.32512581295655607,0.32512581295655607
B,A1,D6,0.49683450765983295,0.48509106602437302,0.50899263948357387,0.023901573459200853,0.20000000000000001,0.69999999999999996,0.10000000000000001,0.034145104941715583,0.034145104941715583,0.023901573459200905,0.22222222222222221,0.30813953488372092,SI,threshold_upper_set,1,1,3,0.5,W1,1,False,0,0,0.10000000000000001,0.10000000000000001,0.15626520601082397,0.15092951415284556,0.54373479398917601,0.52516891238795349,0.20000000000000001,0.20000000000000001,0,0
B,A1,D7,0.64165225568050344,0.63722259473829213,0.64727129214581069,0.01004869740751857,0.80000000000000004,0.20000000000000001,0,0.050243487037593043,0.050243487037593043,0.01004869740751861,0.22222222222222221,0.30813953488372092,SI,threshold_upper_set,1,1,3,0.5,W1,1,False,0,0,0,0,0.081613021764965946,0.077512498963819079,0.11838697823503407,0.11243880362866231,0.80000000000000004,0.80000000000000004,0,0
B,A1,D8,0.51487497457547793,0.50214468893968389,0.53422021948598852,0.032075530546304631,0.40000000000000002,0.59999999999999998,0,0.053459217577174464,0.053459217577174464,0.03207553054630468,0.22222222222222221,0.30813953488372092,SI,threshold_upper_set,1,1,3,0.5,W1,1,False,0,0,0,0,0.34130860368122984,0.3230625127760734,0.25869139631877019,0.24486195667762203,0.40000000000000002,0.40000000000000002,0,0
B,A1,D9,0.46022381178478033,0.44749352614898619,0.47956905669529087,0.032075530546304687,0.30000000000000004,0.59999999999999998,0.10000000000000001,0.053459217577174464,0.053459217577174464,0.03207553054630468,0.22222222222222221,0.30813953488372092,SI,threshold_upper_set,1,1,3,0.5,W1,1,False,0,0,0.10000000000000001,0.10000000000000001,0.34130860368122984,0.3230625127760734,0.25869139631877019,0.24486195667762203,0.30000000000000004,0.30000000000000004,0,0
B,A1,D10,0.88604857467084686,0.88604857467084686,0.88604857467084686,0,1,0,0,0,0,0,0.22222222222222221,0.30813953488372092,SI,threshold_upper_set,1,1,3,0.5,W1,1,False,0,0,0,0,0,0,0.050000000000000003,0.050000000000000003,0.29716311616253482,0.29716311616253482,0.65283688383746519,0.65283688383746519
B,A2,D1,0.25776700009106324,0.25776700009106324,0.25776700009106324,0,0.10000000000000001,0,0.90000000000000002,0,0,0,0.22222222222222221,0.30813953488372092,SI,threshold_upper_set,1,1,3,0.5,W1,1,False,0.10000000000000001,0.10000000000000001,0.48974243410161444,0.48974243410161444,0.31025756589838566,0.31025756589838566,0,0,0,0,0.10000000000000001,0.10000000000000001
B,A2,D2,0.27164666610300758,0.25891638046721349,0.29099191101351818,0.032075530546304687,0,0.59999999999999998,0.40000000000000002,0.053459217577174464,0.053459217577174464,0.03207553054630468,0.22222222222222221,0.30813953488372092,SI,threshold_upper_set,1,1,3,0.5,W1,1,False,0.16941076229059604,0.16941076229059604,0.23058923770940398,0.23058923770940398,0.34130860368122984,0.3230625127760734,0.25869139631877019,0.24486195667762203,0,0,0,0
B,A2,D3,0.61768285622667685,0.60655593587464174,0.62971114784851345,0.023155211973871714,0.40000000000000002,0.59999999999999998,0,0.038592019956452887,0.038592019956452887,0.023155211973871732,0.22222222222222221,0.30813953488372092,SI,threshold_upper_set,1,1,3,0.5,W1,1,False,0,0,0,0,0.1576308887286603,0.15154759432509043,0.44236911127133971,0.42529719370103786,0.2292433388446142,0.2292433388446142,0.17075666115538579,0.17075666115538579
B,A2,D4,0.45406905159851491,0.44745136527036017,0.46024063125808773,0.012789265987727561,0.10000000000000001,0.59999999999999998,0.30000000000000004,0.021315443312879247,0.021315443312879247,0.012789265987727548,0.22222222222222221,0.30813953488372092,SI,threshold_upper_set,1,1,3,0.5,W1,1,False,0,0,0.30000000000000004,0.30000000000000004,0.076598364362881588,0.074965636269445315,0.52340163563711839,0.51224509774282712,0,0,0.10000000000000001,0.10000000000000001
B,A2,D5,0.8234201934808445,0.8234201934808445,0.8234201934808445,0,1,0,0,0,0,0,0.22222222222222221,0.30813953488372092,SI,threshold_upper_set,1,1,3,0.5,W1,1,False,0,0,0,0,0,0,0.10000000000000001,0.10000000000000001,0.42776842870367476,0.42776842870367476,0.47223157129632526,0.47223157129632526
B,A2,D6,0.31185697012255115,0.29786775044441127,0.33437238836393218,0.03650463791952091,0,0.69999999999999996,0.30000000000000004,0.05214948274217273,0.05214948274217273,0.03650463791952091,0.22222222222222221,0.30813953488372092,SI,threshold_upper_set,1,1,3,0.5,W1,1,False,0,0,0.30000000000000004,0.30000000000000004,0.43320427955151503,0.41061290045120796,0.26679572044848493,0.25288246162927114,0,0,0,0
B,A2,D7,0.81538539194503978,0.81538539194503978,0.81538539194503978,0,1,0,0,0,0,0,0.22222222222222221,0.30813953488372092,SI,threshold_upper_set,1,1,3,0.5,W1,1,False,0,0,0,0,0,0,0.15000000000000002,0.15000000000000002,0.38120212425383332,0.38120212425383332,0.46879787574616671,0.46879787574616671
B,A2,D8,0.89364693708910803,0.89364693708910803,0.89364693708910803,0,1,0,0,0,0,0,0.22222222222222221,0.30813953488372092,SI,threshold_upper_set,1,1,3,0.5,W1,1,False,0,0,0,0,0,0,0,0,0.34514578906930965,0.34514578906930965,0.65485421093069029,0.65485421093069029
B,A2,D9,0.52833696297411303,0.51355578580936123,0.54581110710642455,0.032255321297063322,0.30000000000000004,0.69999999999999996,0,0.046079030424376222,0.046079030424376222,0.032255321297063357,0.22222222222222221,0.30813953488372092,SI,threshold_upper_set,1,1,3,0.5,W1,1,False,0,0,0,0,0.24097962486069263,0.22987551739508202,0.45902037513930732,0.43786916130785464,0.30000000000000004,0.30000000000000004,0,0
B,A2,D10,0.8234201934808445,0.8234201934808445,0.8234201934808445,0,1,0,0,0,0,0,0.22222222222222221,0.30813953488372092,SI,threshold_upper_set,1,1,3,0.5,W1,1,False,0,0,0,0,0,0,0.10000000000000001,0.10000000000000001,0.42776842870367476,0.42776842870367476,0.47223157129632526,0.47223157129632526
B,A3,D1,0.54639968194824873,0.53998757959250154,0.55255438534946422,0.012566805756962673,0.40000000000000002,0.5,0.10000000000000001,0.02513361151392534,0.02513361151392534,0.01256680575696267,0.22222222222222221,0.30813953488372092,SI,threshold_upper_set,1,1,3,0.5,W1,1,False,0,0,0.10000000000000001,0.10000000000000001,0.077005419253217258,0.07506999496123995,0.42299458074678276,0.41236319928179738,0.40000000000000002,0.40000000000000002,0,0
B,A3,D2,0.60105084473894654,0.59463874238319936,0.60720554814016203,0.012566805756962673,0.5,0.5,0,0.02513361151392534,0.02513361151392534,0.01256680575696267,0.22222222222222221,0.30813953488372092,SI,threshold_upper_set,1,1,3,0.5,W1,1,False,0,0,0,0,0.077005419253217258,0.07506999496123995,0.42299458074678276,0.41236319928179738,0.49999999999999989,0.49999999999999989,1.25685625429263e-16,1.25685625429263e-16
B,A3,D3,0.46402957357787705,0.45726648569197148,0.47020935377795831,0.012942868085986825,0.10000000000000001,0.69999999999999996,0.20000000000000001,0.018489811551409736,0.018489811551409736,0.012942868085986815,0.22222222222222221,0.30813953488372092,SI,threshold_upper_set,1,1,3,0.5,W1,1,False,0,0,0.20000000000000001,0.20000000000000001,0.076317305204364666,0.074906212613024548,0.62368269479563532,0.61215091930098864,0.10000000000000001,0.10000000000000001,0,0
B,A3,D4,0.36941347313694162,0.35169482936809587,0.39188961899817032,0.040194789630074446,0,0.80000000000000004,0.20000000000000001,0.050243487037593043,0.050243487037593043,0.040194789630074439,0.22222222222222221,0.30813953488372092,SI,threshold_upper_set,1,1,3,0.5,W1,1,False,0.08470538114529802,0.08470538114529802,0.11529461885470199,0.11529461885470199,0.32645208705986378,0.31004999585527632,0.47354791294013626,0.44975521451464923,0,0,0,0
B,A3,D5,0.39860221787080496,0.3784581269871059,0.42566256272871572,0.047204435741609818,0,0.90000000000000002,0.10000000000000001,0.052449373046233108,0.052449373046233108,0.047204435741609797,0.22222222222222221,0.30813953488372092,SI,threshold_upper_set,1,1,3,0.5,W1,1,False,0,0,0.10000000000000001,0.10000000000000001,0.41362592608982041,0.39193150559074175,0.48637407391017967,0.46086405866764851,0,0,0,0
B,A3,D6,0.50552641849748825,0.49942738570215595,0.51164301339480678,0.012215627692650832,0.40000000000000002,0.40000000000000002,0.20000000000000001,0.030539069231627042,0.030539069231627042,0.012215627692650818,0.22222222222222221,0.30813953488372092,SI,threshold_upper_set,1,1,3,0.5,W1,1,False,0,0,0.20000000000000001,0.20000000000000001,0.077648000392170846,0.075276702732496925,0.32235199960782918,0.31250766957485226,0.40000000000000002,0.40000000000000002,0,0
B,A3,D7,0.34207542981313532,0.32626134091050796,0.36971452611817396,0.043453185207666001,0,0.90000000000000002,0.10000000000000001,0.048281316897406668,0.048281316897406668,0.043453185207666001,0.22222222222222221,0.30813953488372092,SI,threshold_upper_set,1,1,3,0.5,W1,1,False,0,0,0.10000000000000001,0.10000000000000001,0.62048991642852624,0.59053184614179521,0.27951008357147383,0.26601496865053886,0,0,0,0
B,A3,D8,0.46022381178478033,0.44749352614898619,0.47956905669529087,0.032075530546304687,0.30000000000000004,0.59999999999999998,0.10000000000000001,0.053459217577174464,0.053459217577174464,0.03207553054630468,0.22222222222222221,0.30813953488372092,SI,threshold_upper_set,1,1,3,0.5,W1,1,False,0,0,0.10000000000000001,0.10000000000000001,0.34130860368122984,0.3230625127760734,0.25869139631877019,0.24486195667762203,0.30000000000000004,0.30000000000000004,0,0
B,A3,D9,0.28443837026515928,0.27170808462936519,0.30378361517566987,0.032075530546304687,0,0.59999999999999998,0.40000000000000002,0.053459217577174464,0.053459217577174464,0.03207553054630468,0.22222222222222221,0.30813953488372092,SI,threshold_upper_set,1,1,3,0.5,W1,1,False,0.081403837654992109,0.081403837654992109,0.31859616234500793,0.31859616234500793,0.34130860368122984,0.3230625127760734,0.25869139631877019,0.24486195667762203,0,0,0,0
B,A3,D10,0.26793539015969381,0.2587320687966011,0.28599473549392995,0.027262666697328852,0,0.69999999999999996,0.30000000000000004,0.038946666710469827,0.038946666710469827,0.027262666697328877,0.22222222222222221,0.30813953488372092,SI,threshold_upper_set,1,1,3,0.5,W1,1,False,0.082388089140117665,0.082388089140117665,0.21761191085988238,0.21761191085988238,0.55011512051127065,0.52868997026032827,0.14988487948872928,0.14404736304234281,0,0,0,0
B,A4,D1,0.61042938037116112,0.59933516900499262,0.62606184740070125,0.026726678395708636,0.5,0.5,0,0.05345335679141721,0.05345335679141721,0.026726678395708605,0.22222222222222221,0.30813953488372092,SI,threshold_upper_set,1,1,3,0.5,W1,1,False,0,0,0,0,0.25109586506317155,0.23767394819910032,0.24890413493682848,0.23559937340519113,0.31518190411681585,0.31518190411681585,0.18481809588318415,0.18481809588318415
B,A4,D2,0.65800060684248574,0.65158850448673855,0.66415531024370122,0.012566805756962673,0.5,0.5,0,0.02513361151392534,0.02513361151392534,0.01256680575696267,0.22222222222222221,0.30813953488372092,SI,threshold_upper_set,1,1,3,0.5,W1,1,False,0,0,0,0,0.077005419253217258,0.07506999496123995,0.42299458074678276,0.41236319928179738,0.31518190411681585,0.31518190411681585,0.18481809588318415,0.18481809588318415
B,A4,D3,0.49683450765983295,0.48509106602437302,0.50899263948357387,0.023901573459200853,0.20000000000000001,0.69999999999999996,0.10000000000000001,0.034145104941715583,0.034145104941715583,0.023901573459200905,0.22222222222222221,0.30813953488372092,SI,threshold_upper_set,1,1,3,0.5,W1,1,False,0,0,0.10000000000000001,0.10000000000000001,0.15626520601082397,0.15092951415284556,0.54373479398917601,0.52516891238795349,0.20000000000000001,0.20000000000000001,0,0
B,A4,D4,0.82642501828003867,0.82199535733782736,0.83204405474534593,0.01004869740751857,0.80000000000000004,0.20000000000000001,0,0.050243487037593043,0.050243487037593043,0.01004869740751861,0.22222222222222221,0.30813953488372092,SI,threshold_upper_set,1,1,3,0.5,W1,1,False,0,0,0,0,0.081613021764965946,0.077512498963819079,0.11838697823503407,0.11243880362866231,0.20036009118641421,0.20036009118641421,0.59963990881358586,0.59963990881358586
B,A4,D5,0.53779702304148813,0.52559895745082352,0.55003021283612519,0.024431255385301665,0.20000000000000001,0.80000000000000004,0,0.030539069231627042,0.030539069231627042,0.024431255385301637,0.22222222222222221,0.30813953488372092,SI,threshold_upper_set,1,1,3,0.5,W1,1,False,0,0,0,0,0.15529600078434169,0.15055340546499385,0.64470399921565835,0.62501533914970453,0.20000000000000001,0.20000000000000001,0,0
B,A4,D6,0.68915163919473565,0.68273953683898836,0.69530634259595103,0.012566805756962673,0.5,0.5,0,0.02513361151392534,0.02513361151392534,0.01256680575696267,0.22222222222222221,0.30813953488372092,SI,threshold_upper_set,1,1,3,0.5,W1,1,False,0,0,0,0,0.077005419253217258,0.07506999496123995,0.42299458074678276,0.41236319928179738,0.2140879878038541,0.2140879878038541,0.28591201219614593,0.28591201219614593
B,A4,D7,0.56506597807995917,0.55393905772792407,0.57709426970179578,0.023155211973871714,0.40000000000000002,0.59999999999999998,0,0.038592019956452887,0.038592019956452887,0.023155211973871732,0.22222222222222221,0.30813953488372092,SI,threshold_upper_set,1,1,3,0.5,W1,1,False,0,0,0,0,0.1576308887286603,0.15154759432509043,0.44236911127133971,0.42529719370103786,0.40000000000000002,0.40000000000000002,0,0
B,A4,D8,0.40662441198301624,0.39263519230487642,0.42913983022439733,0.03650463791952091,0.20000000000000001,0.69999999999999996,0.10000000000000001,0.05214948274217273,0.05214948274217273,0.03650463791952091,0.22222222222222221,0.30813953488372092,SI,threshold_upper_set,1,1,3,0.5,W1,1,False,0.10000000000000001,0.10000000000000001,0,0,0.43320427955151503,0.41061290045120796,0.26679572044848493,0.25288246162927114,0.20000000000000001,0.20000000000000001,0,0
B,A4,D9,0.59385271495567005,0.58056373212903578,0.6107098243515916,0.03014609222255582,0.40000000000000002,0.59999999999999998,0,0.050243487037593043,0.050243487037593043,0.030146092222555824,0.22222222222222221,0.30813953488372092,SI,threshold_upper_set,1,1,3,0.5,W1,1,False,0,0,0,0,0.24483906529489782,0.23253749689145722,0.35516093470510218,0.33731641088598691,0.2292433388446142,0.2292433388446142,0.17075666115538579,0.17075666115538579
B,A4,D10,0.53255742369153813,0.5259397373633834,0.53872900335111096,0.012789265987727561,0.30000000000000004,0.59999999999999998,0.10000000000000001,0.021315443312879247,0.021315443312879247,0.012789265987727548,0.22222222222222221,0.30813953488372092,SI,threshold_upper_set,1,1,3,0.5,W1,1,False,0,0,0.10000000000000001,0.10000000000000001,0.076598364362881588,0.074965636269445315,0.52340163563711839,0.51224509774282712,0.30000000000000004,0.30000000000000004,0,0
B,A5,D1,0.72864733838124396,0.72308387820522646,0.73466148419216226,0.011577605986935802,0.69999999999999996,0.30000000000000004,0,0.038592019956452846,0.038592019956452846,0.011577605986935855,0.22222222222222221,0.30813953488372092,SI,threshold_upper_set,1,1,3,0.5,W1,1,False,0,0,0,0,0.078815444364330162,0.075773797162545231,0.22118455563566988,0.21264859685051896,0.374874187043444,0.374874187043444,0.32512581295655607,0.32512581295655607
B,A5,D2,0.80308143325876657,0.79865177231655526,0.80870046972407383,0.01004869740751857,0.80000000000000004,0.20000000000000001,0,0.050243487037593043,0.050243487037593043,0.01004869740751861,0.22222222222222221,0.30813953488372092,SI,threshold_upper_set,1,1,3,0.5,W1,1,False,0,0,0,0,0.081613021764965946,0.077512498963819079,0.11838697823503407,0.11243880362866231,0.27611663125544772,0.27611663125544772,0.52388336874455221,0.52388336874455221
B,A5,D3,0.63540336531898356,0.62516141515451396,0.64718490065516998,0.022023485500656026,0.5,0.5,0,0.044046971001311948,0.044046971001311948,0.022023485500655974,0.22222222222222221,0.30813953488372092,SI,threshold_upper_set,1,1,3,0.5,W1,1,False,0,0,0,0,0.15970170738177847,0.15266733090787327,0.34029829261822153,0.32530918359147076,0.31518190411681585,0.31518190411681585,0.18481809588318415,0.18481809588318415
B,A5,D4,0.68596587477053972,0.67710655288611676,0.69720394770115401,0.020097394815037251,0.59999999999999998,0.40000000000000002,0,0.050243487037593043,0.050243487037593043,0.020097394815037219,0.22222222222222221,0.30813953488372092,SI,threshold_upper_set,1,1,3,0.5,W1,1,False,0,0,0,0,0.16322604352993189,0.15502499792763816,0.23677395647006813,0.22487760725732461,0.29324991497283748,0.29324991497283748,0.3067500850271625,0.3067500850271625
B,A5,D5,0.66792317527136746,0.66130548894321262,0.67409475493094018,0.012789265987727561,0.40000000000000002,0.59999999999999998,0,0.021315443312879247,0.021315443312879247,0.012789265987727548,0.22222222222222221,0.30813953488372092,SI,threshold_upper_set,1,1,3,0.5,W1,1,False,0,0,0,0,0.076598364362881588,0.074965636269445315,0.52340163563711839,0.51224509774282712,0.13805831562772386,0.13805831562772386,0.26194168437227611,0.26194168437227611
B,A5,D6,0.64323838558099256,0.63687324276309543,0.6529110080362478,0.016037765273152371,0.59999999999999998,0.30000000000000004,0.10000000000000001,0.053459217577174409,0.053459217577174409,0.016037765273152326,0.22222222222222221,0.30813953488372092,SI,threshold_upper_set,1,1,3,0.5,W1,1,False,0,0,0.10000000000000001,0.10000000000000001,0.17065430184061492,0.1615312563880367,0.12934569815938513,0.12243097833881104,0.29324991497283748,0.29324991497283748,0.3067500850271625,0.3067500850271625
B,A5,D7,0.63071422660860821,0.63071422660860821,0.63071422660860821,0,1,0,0,0,0,0,0.22222222222222221,0.30813953488372092,SI,threshold_upper_set,1,1,3,0.5,W1,1,False,0,0,0,0,0,0,0.43821470930497469,0.43821470930497469,0.56178529069502536,0.56178529069502536,0,0
B,A5,D8,0.55864015821399782,0.54535117538736355,0.57549726760991937,0.03014609222255582,0.30000000000000004,0.59999999999999998,0.10000000000000001,0.050243487037593043,0.050243487037593043,0.030146092222555824,0.22222222222222221,0.30813953488372092,SI,threshold_upper_set,1,1,3,0.5,W1,1,False,0,0,0.10000000000000001,0.10000000000000001,0.24483906529489782,0.23253749689145722,0.35516093470510218,0.33731641088598691,0.06615956072324887,0.06615956072324887,0.23384043927675116,0.23384043927675116
B,A5,D9,0.55148567045053065,0.53974222881507083,0.56364380227427169,0.023901573459200853,0.30000000000000004,0.69999999999999996,0,0.034145104941715583,0.034145104941715583,0.023901573459200905,0.22222222222222221,0.30813953488372092,SI,threshold_upper_set,1,1,3,0.5,W1,1,False,0,0,0,0,0.15626520601082397,0.15092951415284556,0.54373479398917601,0.52516891238795349,0.30000000000000004,0.30000000000000004,0,0
B,A5,D10,0.57845360321544437,0.56821165305097476,0.59023513855163079,0.022023485500656026,0.5,0.5,0,0.044046971001311948,0.044046971001311948,0.022023485500655974,0.22222222222222221,0.30813953488372092,SI,threshold_upper_set,1,1,3,0.5,W1,1,False,0,0,0,0,0.15970170738177847,0.15266733090787327,0.34029829261822153,0.32530918359147076,0.49999999999999989,0.49999999999999989,1.25685625429263e-16,1.25685625429263e-16
